robot_x,robot_y,stick_x,stick_y,puck_x,puck_y
1.2268360180346203,-0.4799314196341573,-1.5529809189965014,-1.4772982912203971,1.6196424272185943,-0.006305433110325331
1.2268360180346203,-0.4799314196341573,-1.5529809189965014,-1.4772982912203971,1.6196424272185943,-0.006305433110325331
1.2268360180346203,-0.4799314196341573,-1.5529809189965014,-1.4772982912203971,1.6196424272185943,-0.006305433110325331
1.2231599032839435,-0.48903867002522333,-1.5529809189965014,-1.4772982912203971,1.6196424272185943,-0.006305433110325331
1.2194837885332668,-0.49814592041628936,-1.5529809189965014,-1.4772982912203971,1.6196424272185943,-0.006305433110325331
1.2194837885332668,-0.49814592041628936,-1.5529809189965014,-1.4772982912203971,1.6196424272185943,-0.006305433110325331
1.2168295013001582,-0.5069236657396031,-1.5529809189965014,-1.4772982912203971,1.6196424272185943,-0.006305433110325331
1.2141752140670496,-0.5157014110629169,-1.5529809189965014,-1.4772982912203971,1.6196424272185943,-0.006305433110325331
1.2141752140670496,-0.5157014110629169,-1.5529809189965014,-1.4772982912203971,1.6196424272185943,-0.006305433110325331
1.212432739679745,-0.5241391709050003,-1.5529809189965014,-1.4772982912203971,1.6196424272185943,-0.006305433110325331
1.2106902652924403,-0.5325769307470837,-1.5529809189965014,-1.4772982912203971,1.6196424272185943,-0.006305433110325331
1.2106902652924403,-0.5325769307470837,-1.5529809189965014,-1.4772982912203971,1.6196424272185943,-0.006305433110325331
1.2088358052399795,-0.5488244227828628,-1.5529809189965014,-1.4772982912203971,1.6196424272185943,-0.006305433110325331
1.2088358052399795,-0.5488244227828628,-1.5529809189965014,-1.4772982912203971,1.6196424272185943,-0.006305433110325331
1.208649722407587,-0.5566923410444347,-1.5529809189965014,-1.4772982912203971,1.6196424272185943,-0.006305433110325331
1.2084636395751944,-0.5645602593060065,-1.5529809189965014,-1.4772982912203971,1.6196424272185943,-0.006305433110325331
1.2084636395751944,-0.5645602593060065,-1.5529809189965014,-1.4772982912203971,1.6196424272185943,-0.006305433110325331
1.2089750319437853,-0.5722560260855236,-1.5529809189965014,-1.4772982912203971,1.6196424272185943,-0.006305433110325331
1.2094864243123762,-0.5799517928650407,-1.5529809189965014,-1.4772982912203971,1.6196424272185943,-0.006305433110325331
1.2106880041824877,-0.5875740837773086,-1.5529809189965014,-1.4772982912203971,1.6196424272185943,-0.006305433110325331
1.2118895840525992,-0.5951963746895764,-1.5529809189965014,-1.4772982912203971,1.6196424272185943,-0.006305433110325331
1.2118895840525992,-0.5951963746895764,-1.5529809189965014,-1.4772982912203971,1.6196424272185943,-0.006305433110325331
1.2138124009823366,-0.6028429452712738,-1.5529809189965014,-1.4772982912203971,1.6196424272185943,-0.006305433110325331
1.215735217912074,-0.6104895158529712,-1.5529809189965014,-1.4772982912203971,1.6196424272185943,-0.006305433110325331
1.215735217912074,-0.6104895158529712,-1.5529809189965014,-1.4772982912203971,1.6196424272185943,-0.006305433110325331
1.215735217912074,-0.6104895158529712,-1.5529809189965014,-1.4772982912203971,1.6196424272185943,-0.006305433110325331
1.215735217912074,-0.6104895158529712,-1.5529809189965014,-1.4772982912203971,1.6196424272185943,-0.006305433110325331
1.215735217912074,-0.6104895158529712,-1.5529809189965014,-1.4772982912203971,1.6196424272185943,-0.006305433110325331
1.215735217912074,-0.6104895158529712,-1.5529809189965014,-1.4772982912203971,1.6196424272185943,-0.006305433110325331
1.215735217912074,-0.6104895158529712,-1.5529809189965014,-1.4772982912203971,1.6196424272185943,-0.006305433110325331
1.2184431408593501,-0.61823441708212,-1.5529809189965014,-1.4772982912203971,1.6196424272185943,-0.006305433110325331
1.2184431408593501,-0.61823441708212,-1.5529809189965014,-1.4772982912203971,1.6196424272185943,-0.006305433110325331
1.2211510638066263,-0.6259793183112689,-1.5529809189965014,-1.4772982912203971,1.6196424272185943,-0.006305433110325331
1.2211510638066263,-0.6259793183112689,-1.5529809189965014,-1.4772982912203971,1.6196424272185943,-0.006305433110325331
1.2211510638066263,-0.6259793183112689,-1.5529809189965014,-1.4772982912203971,1.6196424272185943,-0.006305433110325331
1.2211510638066263,-0.6259793183112689,-1.5529809189965014,-1.4772982912203971,1.6196424272185943,-0.006305433110325331
1.2247230582659638,-0.6338434236462476,-1.5529809189965014,-1.4772982912203971,1.6196424272185943,-0.006305433110325331
1.2247230582659638,-0.6338434236462476,-1.5529809189965014,-1.4772982912203971,1.6196424272185943,-0.006305433110325331
1.2282950527253014,-0.6417075289812263,-1.5529809189965014,-1.4772982912203971,1.6196424272185943,-0.006305433110325331
1.2282950527253014,-0.6417075289812263,-1.5529809189965014,-1.4772982912203971,1.6196424272185943,-0.006305433110325331
1.2282950527253014,-0.6417075289812263,-1.5529809189965014,-1.4772982912203971,1.6196424272185943,-0.006305433110325331
1.2327908867935413,-0.6496264930796765,-1.5529809189965014,-1.4772982912203971,1.6196424272185943,-0.006305433110325331
1.2327908867935413,-0.6496264930796765,-1.5529809189965014,-1.4772982912203971,1.6196424272185943,-0.006305433110325331
1.2372867208617813,-0.6575454571781266,-1.5529809189965014,-1.4772982912203971,1.6196424272185943,-0.006305433110325331
1.2372867208617813,-0.6575454571781266,-1.5529809189965014,-1.4772982912203971,1.6196424272185943,-0.006305433110325331
1.2372867208617813,-0.6575454571781266,-1.5529809189965014,-1.4772982912203971,1.6196424272185943,-0.006305433110325331
1.242696139789888,-0.6653455727021356,-1.5529809189965014,-1.4772982912203971,1.6196424272185943,-0.006305433110325331
1.242696139789888,-0.6653455727021356,-1.5529809189965014,-1.4772982912203971,1.6196424272185943,-0.006305433110325331
1.2481055587179946,-0.6731456882261445,-1.5529809189965014,-1.4772982912203971,1.6196424272185943,-0.006305433110325331
1.2481055587179946,-0.6731456882261445,-1.5529809189965014,-1.4772982912203971,1.6196424272185943,-0.006305433110325331
1.2481055587179946,-0.6731456882261445,-1.5529809189965014,-1.4772982912203971,1.6196424272185943,-0.006305433110325331
1.254291038834646,-0.6805439325135211,-1.5529809189965014,-1.4772982912203971,1.6196424272185943,-0.006305433110325331
1.254291038834646,-0.6805439325135211,-1.5529809189965014,-1.4772982912203971,1.6196424272185943,-0.006305433110325331
1.2604765189512974,-0.6879421768008976,-1.5529809189965014,-1.4772982912203971,1.6196424272185943,-0.006305433110325331
1.2604765189512974,-0.6879421768008976,-1.5529809189965014,-1.4772982912203971,1.6196424272185943,-0.006305433110325331
1.2604765189512974,-0.6879421768008976,-1.5529809189965014,-1.4772982912203971,1.6196424272185943,-0.006305433110325331
1.2671320151669383,-0.6945849676902043,-1.5529809189965014,-1.4772982912203971,1.6196424272185943,-0.006305433110325331
1.2671320151669383,-0.6945849676902043,-1.5529809189965014,-1.4772982912203971,1.6196424272185943,-0.006305433110325331
1.2737875113825792,-0.7012277585795109,-1.5529809189965014,-1.4772982912203971,1.6196424272185943,-0.006305433110325331
1.2737875113825792,-0.7012277585795109,-1.5529809189965014,-1.4772982912203971,1.6196424272185943,-0.006305433110325331
1.2804389857900325,-0.7067673240283107,-1.5529809189965014,-1.4772982912203971,1.6196424272185943,-0.006305433110325331
1.2804389857900325,-0.7067673240283107,-1.5529809189965014,-1.4772982912203971,1.6196424272185943,-0.006305433110325331
1.2870904601974857,-0.7123068894771104,-1.5529809189965014,-1.4772982912203971,1.6196424272185943,-0.006305433110325331
1.2870904601974857,-0.7123068894771104,-1.5529809189965014,-1.4772982912203971,1.6196424272185943,-0.006305433110325331
1.2870904601974857,-0.7123068894771104,-1.5529809189965014,-1.4772982912203971,1.6196424272185943,-0.006305433110325331
1.2931479445198526,-0.7164906660180967,-1.5529809189965014,-1.4772982912203971,1.6196424272185943,-0.006305433110325331
1.2931479445198526,-0.7164906660180967,-1.5529809189965014,-1.4772982912203971,1.6196424272185943,-0.006305433110325331
1.2992054288422195,-0.720674442559083,-1.5529809189965014,-1.4772982912203971,1.6196424272185943,-0.006305433110325331
1.2992054288422195,-0.720674442559083,-1.5529809189965014,-1.4772982912203971,1.6196424272185943,-0.006305433110325331
1.3040480151140563,-0.723411501842958,-1.5529809189965014,-1.4772982912203971,1.6196424272185943,-0.006305433110325331
1.3040480151140563,-0.723411501842958,-1.5529809189965014,-1.4772982912203971,1.6196424272185943,-0.006305433110325331
1.3088906013858932,-0.726148561126833,-1.5529809189965014,-1.4772982912203971,1.6196424272185943,-0.006305433110325331
1.3088906013858932,-0.726148561126833,-1.5529809189965014,-1.4772982912203971,1.6196424272185943,-0.006305433110325331
1.3119488468688028,-0.7275306187540885,-1.5529809189965014,-1.4772982912203971,1.6196424272185943,-0.006305433110325331
1.3150070923517123,-0.728912676381344,-1.5529809189965014,-1.4772982912203971,1.6196424272185943,-0.006305433110325331
1.3150070923517123,-0.728912676381344,-1.5529809189965014,-1.4772982912203971,1.6196424272185943,-0.006305433110325331
1.3158151558663234,-0.7291934755897751,-1.5529809189965014,-1.4772982912203971,1.6196424272185943,-0.006305433110325331
1.3166232193809344,-0.7294742747982061,-1.5529809189965014,-1.4772982912203971,1.6196424272185943,-0.006305433110325331
1.3166232193809344,-0.7294742747982061,-1.5529809189965014,-1.4772982912203971,1.6196424272185943,-0.006305433110325331
1.3166232193809344,-0.7294742747982061,-1.5529809189965014,-1.4772982912203971,1.6196424272185943,-0.006305433110325331
1.314833788288438,-0.7290279357989209,-1.5529809189965014,-1.4772982912203971,1.6196424272185943,-0.006305433110325331
1.3130443571959416,-0.7285815967996356,-1.5529809189965014,-1.4772982912203971,1.6196424272185943,-0.006305433110325331
1.3130443571959416,-0.7285815967996356,-1.5529809189965014,-1.4772982912203971,1.6196424272185943,-0.006305433110325331
1.3084147039444203,-0.7278608406454341,-1.5529809189965014,-1.4772982912203971,1.6196424272185943,-0.006305433110325331
1.3084147039444203,-0.7278608406454341,-1.5529809189965014,-1.4772982912203971,1.6196424272185943,-0.006305433110325331
1.303785050692899,-0.7271400844912326,-1.5529809189965014,-1.4772982912203971,1.6196424272185943,-0.006305433110325331
1.303785050692899,-0.7271400844912326,-1.5529809189965014,-1.4772982912203971,1.6196424272185943,-0.006305433110325331
1.2961465338497709,-0.7266471548911816,-1.5529809189965014,-1.4772982912203971,1.6196424272185943,-0.006305433110325331
1.2885080170066427,-0.7261542252911306,-1.5529809189965014,-1.4772982912203971,1.6196424272185943,-0.006305433110325331
1.2885080170066427,-0.7261542252911306,-1.5529809189965014,-1.4772982912203971,1.6196424272185943,-0.006305433110325331
1.2777286049759122,-0.7264297773844794,-1.5529809189965014,-1.4772982912203971,1.6196424272185943,-0.006305433110325331
1.2669491929451817,-0.7267053294778283,-1.5529809189965014,-1.4772982912203971,1.6196424272185943,-0.006305433110325331
1.2669491929451817,-0.7267053294778283,-1.5529809189965014,-1.4772982912203971,1.6196424272185943,-0.006305433110325331
1.2669491929451817,-0.7267053294778283,-1.5529809189965014,-1.4772982912203971,1.6196424272185943,-0.006305433110325331
1.2528947899115799,-0.7283366854991685,-1.5529809189965014,-1.4772982912203971,1.6196424272185943,-0.006305433110325331
1.238840386877978,-0.7299680415205088,-1.5529809189965014,-1.4772982912203971,1.6196424272185943,-0.006305433110325331
1.238840386877978,-0.7299680415205088,-1.5529809189965014,-1.4772982912203971,1.6196424272185943,-0.006305433110325331
1.238840386877978,-0.7299680415205088,-1.5529809189965014,-1.4772982912203971,1.6196424272185943,-0.006305433110325331
1.224156175948262,-0.7330297321272826,-1.5529809189965014,-1.4772982912203971,1.6196424272185943,-0.006305433110325331
1.209471965018546,-0.7360914227340565,-1.5529809189965014,-1.4772982912203971,1.6196424272185943,-0.006305433110325331
1.209471965018546,-0.7360914227340565,-1.5529809189965014,-1.4772982912203971,1.6196424272185943,-0.006305433110325331
1.209471965018546,-0.7360914227340565,-1.5529809189965014,-1.4772982912203971,1.6196424272185943,-0.006305433110325331
1.1951223653208005,-0.7404605174359905,-1.5529809189965014,-1.4772982912203971,1.6196424272185943,-0.006305433110325331
1.180772765623055,-0.7448296121379245,-1.5529809189965014,-1.4772982912203971,1.6196424272185943,-0.006305433110325331
1.180772765623055,-0.7448296121379245,-1.5529809189965014,-1.4772982912203971,1.6196424272185943,-0.006305433110325331
1.180772765623055,-0.7448296121379245,-1.5529809189965014,-1.4772982912203971,1.6196424272185943,-0.006305433110325331
1.166873930479576,-0.7504707451495096,-1.5529809189965014,-1.4772982912203971,1.6196424272185943,-0.006305433110325331
1.152975095336097,-0.7561118781610947,-1.5529809189965014,-1.4772982912203971,1.6196424272185943,-0.006305433110325331
1.152975095336097,-0.7561118781610947,-1.5529809189965014,-1.4772982912203971,1.6196424272185943,-0.006305433110325331
1.1396395293401804,-0.7629793871395053,-1.5529809189965014,-1.4772982912203971,1.6196424272185943,-0.006305433110325331
1.1263039633442637,-0.7698468961179159,-1.5529809189965014,-1.4772982912203971,1.6196424272185943,-0.006305433110325331
1.1263039633442637,-0.7698468961179159,-1.5529809189965014,-1.4772982912203971,1.6196424272185943,-0.006305433110325331
1.1263039633442637,-0.7698468961179159,-1.5529809189965014,-1.4772982912203971,1.6196424272185943,-0.006305433110325331
1.1136396116879526,-0.7778851917783957,-1.5529809189965014,-1.4772982912203971,1.6196424272185943,-0.006305433110325331
1.1009752600316414,-0.7859234874388754,-1.5529809189965014,-1.4772982912203971,1.6196424272185943,-0.006305433110325331
1.1009752600316414,-0.7859234874388754,-1.5529809189965014,-1.4772982912203971,1.6196424272185943,-0.006305433110325331
1.1009752600316414,-0.7859234874388754,-1.5529809189965014,-1.4772982912203971,1.6196424272185943,-0.006305433110325331
1.0965562950890961,-0.7893217180215876,-1.5529809189965014,-1.4772982912203971,1.6196424272185943,-0.006305433110325331
1.092137330146551,-0.7927199486042997,-1.5529809189965014,-1.4772982912203971,1.6196424272185943,-0.006305433110325331
1.092137330146551,-0.7927199486042997,-1.5529809189965014,-1.4772982912203971,1.6196424272185943,-0.006305433110325331
1.0874938805167786,-0.7960847999221676,-1.5529809189965014,-1.4772982912203971,1.6196424272185943,-0.006305433110325331
1.0874938805167786,-0.7960847999221676,-1.5529809189965014,-1.4772982912203971,1.6196424272185943,-0.006305433110325331
1.0828504308870064,-0.7994496512400355,-1.5529809189965014,-1.4772982912203971,1.6196424272185943,-0.006305433110325331
1.0828504308870064,-0.7994496512400355,-1.5529809189965014,-1.4772982912203971,1.6196424272185943,-0.006305433110325331
1.0779878227641253,-0.8028049144243964,-1.5529809189965014,-1.4772982912203971,1.6196424272185943,-0.006305433110325331
1.0779878227641253,-0.8028049144243964,-1.5529809189965014,-1.4772982912203971,1.6196424272185943,-0.006305433110325331
1.0731252146412442,-0.8061601776087572,-1.5529809189965014,-1.4772982912203971,1.6196424272185943,-0.006305433110325331
1.0731252146412442,-0.8061601776087572,-1.5529809189965014,-1.4772982912203971,1.6196424272185943,-0.006305433110325331
1.068039894138356,-0.8095331206893083,-1.5529809189965014,-1.4772982912203971,1.6196424272185943,-0.006305433110325331
1.068039894138356,-0.8095331206893083,-1.5529809189965014,-1.4772982912203971,1.6196424272185943,-0.006305433110325331
1.0629545736354677,-0.8129060637698593,-1.5529809189965014,-1.4772982912203971,1.6196424272185943,-0.006305433110325331
1.0629545736354677,-0.8129060637698593,-1.5529809189965014,-1.4772982912203971,1.6196424272185943,-0.006305433110325331
1.0629545736354677,-0.8129060637698593,-1.5529809189965014,-1.4772982912203971,1.6196424272185943,-0.006305433110325331
1.0576356377768439,-0.8163261458940217,-1.5529809189965014,-1.4772982912203971,1.6196424272185943,-0.006305433110325331
1.05231670191822,-0.8197462280181842,-1.5529809189965014,-1.4772982912203971,1.6196424272185943,-0.006305433110325331
1.05231670191822,-0.8197462280181842,-1.5529809189965014,-1.4772982912203971,1.6196424272185943,-0.006305433110325331
1.0467472225464667,-0.8232442797824138,-1.5529809189965014,-1.4772982912203971,1.6196424272185943,-0.006305433110325331
1.0467472225464667,-0.8232442797824138,-1.5529809189965014,-1.4772982912203971,1.6196424272185943,-0.006305433110325331
1.0411777431747133,-0.8267423315466433,-1.5529809189965014,-1.4772982912203971,1.6196424272185943,-0.006305433110325331
1.0411777431747133,-0.8267423315466433,-1.5529809189965014,-1.4772982912203971,1.6196424272185943,-0.006305433110325331
1.0411777431747133,-0.8267423315466433,-1.5529809189965014,-1.4772982912203971,1.6196424272185943,-0.006305433110325331
1.0353358714018326,-0.8303499981890909,-1.5529809189965014,-1.4772982912203971,1.6196424272185943,-0.006305433110325331
1.0353358714018326,-0.8303499981890909,-1.5529809189965014,-1.4772982912203971,1.6196424272185943,-0.006305433110325331
1.0294939996289518,-0.8339576648315385,-1.5529809189965014,-1.4772982912203971,1.6196424272185943,-0.006305433110325331
1.0294939996289518,-0.8339576648315385,-1.5529809189965014,-1.4772982912203971,1.6196424272185943,-0.006305433110325331
1.0233538598350602,-0.8377069640781106,-1.5529809189965014,-1.4772982912203971,1.6196424272185943,-0.006305433110325331
1.0233538598350602,-0.8377069640781106,-1.5529809189965014,-1.4772982912203971,1.6196424272185943,-0.006305433110325331
1.0172137200411686,-0.8414562633246827,-1.5529809189965014,-1.4772982912203971,1.6196424272185943,-0.006305433110325331
1.0172137200411686,-0.8414562633246827,-1.5529809189965014,-1.4772982912203971,1.6196424272185943,-0.006305433110325331
1.0107461061742875,-0.8453791502664582,-1.5529809189965014,-1.4772982912203971,1.6196424272185943,-0.006305433110325331
1.0107461061742875,-0.8453791502664582,-1.5529809189965014,-1.4772982912203971,1.6196424272185943,-0.006305433110325331
1.0042784923074064,-0.8493020372082336,-1.5529809189965014,-1.4772982912203971,1.6196424272185943,-0.006305433110325331
1.0042784923074064,-0.8493020372082336,-1.5529809189965014,-1.4772982912203971,1.6196424272185943,-0.006305433110325331
0.9977110213492242,-0.8532729087096045,-1.5529809189965014,-1.4772982912203971,1.6196424272185943,-0.006305433110325331
0.991143550391042,-0.8572437802109754,-1.5529809189965014,-1.4772982912203971,1.6196424272185943,-0.006305433110325331
0.991143550391042,-0.8572437802109754,-1.5529809189965014,-1.4772982912203971,1.6196424272185943,-0.006305433110325331
0.9841688981105715,-0.8614476684637834,-1.5529809189965014,-1.4772982912203971,1.6196424272185943,-0.006305433110325331
0.9841688981105715,-0.8614476684637834,-1.5529809189965014,-1.4772982912203971,1.6196424272185943,-0.006305433110325331
0.9771942458301011,-0.8656515567165914,-1.5529809189965014,-1.4772982912203971,1.6196424272185943,-0.006305433110325331
0.9771942458301011,-0.8656515567165914,-1.5529809189965014,-1.4772982912203971,1.6196424272185943,-0.006305433110325331
0.9697724339202513,-0.8701208352015639,-1.5529809189965014,-1.4772982912203971,1.6196424272185943,-0.006305433110325331
0.9623506220104014,-0.8745901136865364,-1.5529809189965014,-1.4772982912203971,1.6196424272185943,-0.006305433110325331
0.9623506220104014,-0.8745901136865364,-1.5529809189965014,-1.4772982912203971,1.6196424272185943,-0.006305433110325331
0.9544383631035936,-0.87935517055528,-1.5529809189965014,-1.4772982912203971,1.6196424272185943,-0.006305433110325331
0.9544383631035936,-0.87935517055528,-1.5529809189965014,-1.4772982912203971,1.6196424272185943,-0.006305433110325331
0.9465261041967858,-0.8841202274240236,-1.5529809189965014,-1.4772982912203971,1.6196424272185943,-0.006305433110325331
0.9465261041967858,-0.8841202274240236,-1.5529809189965014,-1.4772982912203971,1.6196424272185943,-0.006305433110325331
0.9380764912464314,-0.8892082504662613,-1.5529809189965014,-1.4772982912203971,1.6196424272185943,-0.006305433110325331
0.929626878296077,-0.8942962735084989,-1.5529809189965014,-1.4772982912203971,1.6196424272185943,-0.006305433110325331
0.929626878296077,-0.8942962735084989,-1.5529809189965014,-1.4772982912203971,1.6196424272185943,-0.006305433110325331
0.9205887681186875,-0.8997297762952589,-1.5529809189965014,-1.4772982912203971,1.6196424272185943,-0.006305433110325331
0.911550657941298,-0.9051632790820188,-1.5529809189965014,-1.4772982912203971,1.6196424272185943,-0.006305433110325331
0.911550657941298,-0.9051632790820188,-1.5529809189965014,-1.4772982912203971,1.6196424272185943,-0.006305433110325331
0.911550657941298,-0.9051632790820188,-1.5529809189965014,-1.4772982912203971,1.6196424272185943,-0.006305433110325331
0.9018676993572279,-0.9109583635879314,-1.5529809189965014,-1.4772982912203971,1.6196424272185943,-0.006305433110325331
0.8921847407731578,-0.916753448093844,-1.5529809189965014,-1.4772982912203971,1.6196424272185943,-0.006305433110325331
0.8921847407731578,-0.916753448093844,-1.5529809189965014,-1.4772982912203971,1.6196424272185943,-0.006305433110325331
0.8817939908594353,-0.9229178064394462,-1.5529809189965014,-1.4772982912203971,1.6196424272185943,-0.006305433110325331
0.8817939908594353,-0.9229178064394462,-1.5529809189965014,-1.4772982912203971,1.6196424272185943,-0.006305433110325331
0.8714032409457129,-0.9290821647850485,-1.5529809189965014,-1.4772982912203971,1.6196424272185943,-0.006305433110325331
0.8714032409457129,-0.9290821647850485,-1.5529809189965014,-1.4772982912203971,1.6196424272185943,-0.006305433110325331
0.8602333069241852,-0.935612817844292,-1.5529809189965014,-1.4772982912203971,1.6196424272185943,-0.006305433110325331
0.8602333069241852,-0.935612817844292,-1.5529809189965014,-1.4772982912203971,1.6196424272185943,-0.006305433110325331
0.8490633729026575,-0.9421434709035355,-1.5529809189965014,-1.4772982912203971,1.6196424272185943,-0.006305433110325331
0.8490633729026575,-0.9421434709035355,-1.5529809189965014,-1.4772982912203971,1.6196424272185943,-0.006305433110325331
0.8490633729026575,-0.9421434709035355,-1.5529809189965014,-1.4772982912203971,1.6196424272185943,-0.006305433110325331
0.8370320132613098,-0.9490242131612951,-1.5529809189965014,-1.4772982912203971,1.6196424272185943,-0.006305433110325331
0.8250006536199621,-0.9559049554190548,-1.5529809189965014,-1.4772982912203971,1.6196424272185943,-0.006305433110325331
0.8250006536199621,-0.9559049554190548,-1.5529809189965014,-1.4772982912203971,1.6196424272185943,-0.006305433110325331
0.8250006536199621,-0.9559049554190548,-1.5529809189965014,-1.4772982912203971,1.6196424272185943,-0.006305433110325331
0.8120117763271579,-0.9631034065690528,-1.5529809189965014,-1.4772982912203971,1.6196424272185943,-0.006305433110325331
0.7990228990343538,-0.9703018577190508,-1.5529809189965014,-1.4772982912203971,1.6196424272185943,-0.006305433110325331
0.7990228990343538,-0.9703018577190508,-1.5529809189965014,-1.4772982912203971,1.6196424272185943,-0.006305433110325331
0.7990228990343538,-0.9703018577190508,-1.5529809189965014,-1.4772982912203971,1.6196424272185943,-0.006305433110325331
0.7857740828509473,-0.9773352686794814,-1.5529809189965014,-1.4772982912203971,1.6196424272185943,-0.006305433110325331
0.7725252666675408,-0.984368679639912,-1.5529809189965014,-1.4772982912203971,1.6196424272185943,-0.006305433110325331
0.7725252666675408,-0.984368679639912,-1.5529809189965014,-1.4772982912203971,1.6196424272185943,-0.006305433110325331
0.7591158603750033,-0.9910908684859394,-1.5529809189965014,-1.4772982912203971,1.6196424272185943,-0.006305433110325331
0.7591158603750033,-0.9910908684859394,-1.5529809189965014,-1.4772982912203971,1.6196424272185943,-0.006305433110325331
0.7457064540824658,-0.9978130573319668,-1.5529809189965014,-1.4772982912203971,1.6196424272185943,-0.006305433110325331
0.7457064540824658,-0.9978130573319668,-1.5529809189965014,-1.4772982912203971,1.6196424272185943,-0.006305433110325331
0.7321097153228278,-1.004147778723011,-1.5529809189965014,-1.4772982912203971,1.6196424272185943,-0.006305433110325331
0.7321097153228278,-1.004147778723011,-1.5529809189965014,-1.4772982912203971,1.6196424272185943,-0.006305433110325331
0.7185129765631897,-1.0104825001140554,-1.5529809189965014,-1.4772982912203971,1.6196424272185943,-0.006305433110325331
0.7185129765631897,-1.0104825001140554,-1.5529809189965014,-1.4772982912203971,1.6196424272185943,-0.006305433110325331
0.7047097833981957,-1.0163537741197428,-1.5529809189965014,-1.4772982912203971,1.6196424272185943,-0.006305433110325331
0.7047097833981957,-1.0163537741197428,-1.5529809189965014,-1.4772982912203971,1.6196424272185943,-0.006305433110325331
0.6909065902332017,-1.0222250481254302,-1.5529809189965014,-1.4772982912203971,1.6196424272185943,-0.006305433110325331
0.6909065902332017,-1.0222250481254302,-1.5529809189965014,-1.4772982912203971,1.6196424272185943,-0.006305433110325331
0.6768867024210887,-1.0275582222024473,-1.5529809189965014,-1.4772982912203971,1.6196424272185943,-0.006305433110325331
0.6628668146089758,-1.0328913962794644,-1.5529809189965014,-1.4772982912203971,1.6196424272185943,-0.006305433110325331
0.6628668146089758,-1.0328913962794644,-1.5529809189965014,-1.4772982912203971,1.6196424272185943,-0.006305433110325331
0.6628668146089758,-1.0328913962794644,-1.5529809189965014,-1.4772982912203971,1.6196424272185943,-0.006305433110325331
0.648629695688794,-1.0376141544622006,-1.5529809189965014,-1.4772982912203971,1.6196424272185943,-0.006305433110325331
0.6343925767686123,-1.0423369126449369,-1.5529809189965014,-1.4772982912203971,1.6196424272185943,-0.006305433110325331
0.6343925767686123,-1.0423369126449369,-1.5529809189965014,-1.4772982912203971,1.6196424272185943,-0.006305433110325331
0.6199478541490191,-1.0463804245396904,-1.5529809189965014,-1.4772982912203971,1.6196424272185943,-0.006305433110325331
0.6055031315294259,-1.0504239364344439,-1.5529809189965014,-1.4772982912203971,1.6196424272185943,-0.006305433110325331
0.6055031315294259,-1.0504239364344439,-1.5529809189965014,-1.4772982912203971,1.6196424272185943,-0.006305433110325331
0.6055031315294259,-1.0504239364344439,-1.5529809189965014,-1.4772982912203971,1.6196424272185943,-0.006305433110325331
0.5908707136727281,-1.0537242921223953,-1.5529809189965014,-1.4772982912203971,1.6196424272185943,-0.006305433110325331
0.5762382958160304,-1.0570246478103467,-1.5529809189965014,-1.4772982912203971,1.6196424272185943,-0.006305433110325331
0.5762382958160304,-1.0570246478103467,-1.5529809189965014,-1.4772982912203971,1.6196424272185943,-0.006305433110325331
0.5762382958160304,-1.0570246478103467,-1.5529809189965014,-1.4772982912203971,1.6196424272185943,-0.006305433110325331
0.5614855851234984,-1.0597371240263633,-1.5529809189965014,-1.4772982912203971,1.6196424272185943,-0.006305433110325331
0.5614855851234984,-1.0597371240263633,-1.5529809189965014,-1.4772982912203971,1.6196424272185943,-0.006305433110325331
0.5467328744309665,-1.06244960024238,-1.5529809189965014,-1.4772982912203971,1.6196424272185943,-0.006305433110325331
0.5467328744309665,-1.06244960024238,-1.5529809189965014,-1.4772982912203971,1.6196424272185943,-0.006305433110325331
0.5319088707595303,-1.0647406513437838,-1.5529809189965014,-1.4772982912203971,1.6196424272185943,-0.006305433110325331
0.5319088707595303,-1.0647406513437838,-1.5529809189965014,-1.4772982912203971,1.6196424272185943,-0.006305433110325331
0.5170848670880941,-1.0670317024451876,-1.5529809189965014,-1.4772982912203971,1.6196424272185943,-0.006305433110325331
0.5170848670880941,-1.0670317024451876,-1.5529809189965014,-1.4772982912203971,1.6196424272185943,-0.006305433110325331
0.5170848670880941,-1.0670317024451876,-1.5529809189965014,-1.4772982912203971,1.6196424272185943,-0.006305433110325331
0.5022137332029232,-1.0689936853628814,-1.5529809189965014,-1.4772982912203971,1.6196424272185943,-0.006305433110325331
0.5022137332029232,-1.0689936853628814,-1.5529809189965014,-1.4772982912203971,1.6196424272185943,-0.006305433110325331
0.4873425993177523,-1.0709556682805752,-1.5529809189965014,-1.4772982912203971,1.6196424272185943,-0.006305433110325331
0.4873425993177523,-1.0709556682805752,-1.5529809189965014,-1.4772982912203971,1.6196424272185943,-0.006305433110325331
0.4724365811840749,-1.0726321596758648,-1.5529809189965014,-1.4772982912203971,1.6196424272185943,-0.006305433110325331
0.4724365811840749,-1.0726321596758648,-1.5529809189965014,-1.4772982912203971,1.6196424272185943,-0.006305433110325331
0.45753056305039747,-1.0743086510711544,-1.5529809189965014,-1.4772982912203971,1.6196424272185943,-0.006305433110325331
0.45753056305039747,-1.0743086510711544,-1.5529809189965014,-1.4772982912203971,1.6196424272185943,-0.006305433110325331
0.44259638469104545,-1.0757123307821501,-1.5529809189965014,-1.4772982912203971,1.6196424272185943,-0.006305433110325331
0.44259638469104545,-1.0757123307821501,-1.5529809189965014,-1.4772982912203971,1.6196424272185943,-0.006305433110325331
0.4276622063316934,-1.0771160104931459,-1.5529809189965014,-1.4772982912203971,1.6196424272185943,-0.006305433110325331
0.4276622063316934,-1.0771160104931459,-1.5529809189965014,-1.4772982912203971,1.6196424272185943,-0.006305433110325331
0.4276622063316934,-1.0771160104931459,-1.5529809189965014,-1.4772982912203971,1.6196424272185943,-0.006305433110325331
0.4276622063316934,-1.0771160104931459,-1.5529809189965014,-1.4772982912203971,1.6196424272185943,-0.006305433110325331
0.4127044041327746,-1.0782403562486944,-1.5529809189965014,-1.4772982912203971,1.6196424272185943,-0.006305433110325331
0.4127044041327746,-1.0782403562486944,-1.5529809189965014,-1.4772982912203971,1.6196424272185943,-0.006305433110325331
0.3977466019338558,-1.079364702004243,-1.5529809189965014,-1.4772982912203971,1.6196424272185943,-0.006305433110325331
0.3977466019338558,-1.079364702004243,-1.5529809189965014,-1.4772982912203971,1.6196424272185943,-0.006305433110325331
0.3977466019338558,-1.079364702004243,-1.5529809189965014,-1.4772982912203971,1.6196424272185943,-0.006305433110325331
0.3827693941175051,-1.0801912889783984,-1.5529809189965014,-1.4772982912203971,1.6196424272185943,-0.006305433110325331
0.3827693941175051,-1.0801912889783984,-1.5529809189965014,-1.4772982912203971,1.6196424272185943,-0.006305433110325331
0.3677921863011544,-1.081017875952554,-1.5529809189965014,-1.4772982912203971,1.6196424272185943,-0.006305433110325331
0.3677921863011544,-1.081017875952554,-1.5529809189965014,-1.4772982912203971,1.6196424272185943,-0.006305433110325331
0.3677921863011544,-1.081017875952554,-1.5529809189965014,-1.4772982912203971,1.6196424272185943,-0.006305433110325331
0.3677921863011544,-1.081017875952554,-1.5529809189965014,-1.4772982912203971,1.6196424272185943,-0.006305433110325331
0.35280535765678495,-1.0816463400997476,-1.5529809189965014,-1.4772982912203971,1.6196424272185943,-0.006305433110325331
0.3378178998167674,-1.0822596161335991,-1.5529809189965014,-1.4772982912203971,1.6196424272185943,-0.006305433110325331
0.3378178998167674,-1.0822596161335991,-1.5529809189965014,-1.4772982912203971,1.6196424272185943,-0.006305433110325331
0.3378178998167674,-1.0822596161335991,-1.5529809189965014,-1.4772982912203971,1.6196424272185943,-0.006305433110325331
0.32283044197674987,-1.0828728921674506,-1.5529809189965014,-1.4772982912203971,1.6196424272185943,-0.006305433110325331
0.32283044197674987,-1.0828728921674506,-1.5529809189965014,-1.4772982912203971,1.6196424272185943,-0.006305433110325331
0.30784400227678005,-1.0835105638064377,-1.5529809189965014,-1.4772982912203971,1.6196424272185943,-0.006305433110325331
0.30784400227678005,-1.0835105638064377,-1.5529809189965014,-1.4772982912203971,1.6196424272185943,-0.006305433110325331
0.30784400227678005,-1.0835105638064377,-1.5529809189965014,-1.4772982912203971,1.6196424272185943,-0.006305433110325331
0.2928575625768102,-1.0841482354454248,-1.5529809189965014,-1.4772982912203971,1.6196424272185943,-0.006305433110325331
0.2928575625768102,-1.0841482354454248,-1.5529809189965014,-1.4772982912203971,1.6196424272185943,-0.006305433110325331
0.277876134496243,-1.0848944342572648,-1.5529809189965014,-1.4772982912203971,1.6196424272185943,-0.006305433110325331
0.277876134496243,-1.0848944342572648,-1.5529809189965014,-1.4772982912203971,1.6196424272185943,-0.006305433110325331
0.26289470641567575,-1.0856406330691049,-1.5529809189965014,-1.4772982912203971,1.6196424272185943,-0.006305433110325331
0.26289470641567575,-1.0856406330691049,-1.5529809189965014,-1.4772982912203971,1.6196424272185943,-0.006305433110325331
0.24792145808134555,-1.0865360850881869,-1.5529809189965014,-1.4772982912203971,1.6196424272185943,-0.006305433110325331
0.24792145808134555,-1.0865360850881869,-1.5529809189965014,-1.4772982912203971,1.6196424272185943,-0.006305433110325331
0.23294820974701536,-1.087431537107269,-1.5529809189965014,-1.4772982912203971,1.6196424272185943,-0.006305433110325331
0.23294820974701536,-1.087431537107269,-1.5529809189965014,-1.4772982912203971,1.6196424272185943,-0.006305433110325331
0.21798513645580708,-1.0884834105226235,-1.5529809189965014,-1.4772982912203971,1.6196424272185943,-0.006305433110325331
0.21798513645580708,-1.0884834105226235,-1.5529809189965014,-1.4772982912203971,1.6196424272185943,-0.006305433110325331
0.2030220631645988,-1.0895352839379782,-1.5529809189965014,-1.4772982912203971,1.6196424272185943,-0.006305433110325331
0.2030220631645988,-1.0895352839379782,-1.5529809189965014,-1.4772982912203971,1.6196424272185943,-0.006305433110325331
0.1880693870559495,-1.0907258624485467,-1.5529809189965014,-1.4772982912203971,1.6196424272185943,-0.006305433110325331
0.1880693870559495,-1.0907258624485467,-1.5529809189965014,-1.4772982912203971,1.6196424272185943,-0.006305433110325331
0.1880693870559495,-1.0907258624485467,-1.5529809189965014,-1.4772982912203971,1.6196424272185943,-0.006305433110325331
0.1731167109473002,-1.0919164409591153,-1.5529809189965014,-1.4772982912203971,1.6196424272185943,-0.006305433110325331
0.1731167109473002,-1.0919164409591153,-1.5529809189965014,-1.4772982912203971,1.6196424272185943,-0.006305433110325331
0.1581726441798647,-1.0932106080466395,-1.5529809189965014,-1.4772982912203971,1.6196424272185943,-0.006305433110325331
0.1581726441798647,-1.0932106080466395,-1.5529809189965014,-1.4772982912203971,1.6196424272185943,-0.006305433110325331
0.14322857741242923,-1.0945047751341637,-1.5529809189965014,-1.4772982912203971,1.6196424272185943,-0.006305433110325331
0.12828958557380737,-1.0958562642556846,-1.5529809189965014,-1.4772982912203971,1.6196424272185943,-0.006305433110325331
0.12828958557380737,-1.0958562642556846,-1.5529809189965014,-1.4772982912203971,1.6196424272185943,-0.006305433110325331
0.11335059373518552,-1.0972077533772056,-1.5529809189965014,-1.4772982912203971,1.6196424272185943,-0.006305433110325331
0.11335059373518552,-1.0972077533772056,-1.5529809189965014,-1.4772982912203971,1.6196424272185943,-0.006305433110325331
0.09841196272599012,-1.0985632250925526,-1.5529809189965014,-1.4772982912203971,1.6196424272185943,-0.006305433110325331
0.09841196272599012,-1.0985632250925526,-1.5529809189965014,-1.4772982912203971,1.6196424272185943,-0.006305433110325331
0.08347333171679472,-1.0999186968078996,-1.5529809189965014,-1.4772982912203971,1.6196424272185943,-0.006305433110325331
0.08347333171679472,-1.0999186968078996,-1.5529809189965014,-1.4772982912203971,1.6196424272185943,-0.006305433110325331
0.06852951693989906,-1.1012157704040517,-1.5529809189965014,-1.4772982912203971,1.6196424272185943,-0.006305433110325331
0.06852951693989906,-1.1012157704040517,-1.5529809189965014,-1.4772982912203971,1.6196424272185943,-0.006305433110325331
0.0535857021630034,-1.1025128440002039,-1.5529809189965014,-1.4772982912203971,1.6196424272185943,-0.006305433110325331
0.0535857021630034,-1.1025128440002039,-1.5529809189965014,-1.4772982912203971,1.6196424272185943,-0.006305433110325331
0.038632529650734715,-1.1036971715808725,-1.5529809189965014,-1.4772982912203971,1.6196424272185943,-0.006305433110325331
0.038632529650734715,-1.1036971715808725,-1.5529809189965014,-1.4772982912203971,1.6196424272185943,-0.006305433110325331
0.023679357138466032,-1.1048814991615412,-1.5529809189965014,-1.4772982912203971,1.6196424272185943,-0.006305433110325331
0.023679357138466032,-1.1048814991615412,-1.5529809189965014,-1.4772982912203971,1.6196424272185943,-0.006305433110325331
0.008729625322562969,-1.1061084949368296,-1.5529809189965014,-1.4772982912203971,1.6196424272185943,-0.006305433110325331
0.008729625322562969,-1.1061084949368296,-1.5529809189965014,-1.4772982912203971,1.6196424272185943,-0.006305433110325331
-0.006220106493340094,-1.107335490712118,-1.5529809189965014,-1.4772982912203971,1.6196424272185943,-0.006305433110325331
-0.006220106493340094,-1.107335490712118,-1.5529809189965014,-1.4772982912203971,1.6196424272185943,-0.006305433110325331
-0.02114683270480555,-1.1088163163628784,-1.5529809189965014,-1.4772982912203971,1.6196424272185943,-0.006305433110325331
-0.02114683270480555,-1.1088163163628784,-1.5529809189965014,-1.4772982912203971,1.6196424272185943,-0.006305433110325331
-0.03607355891627101,-1.1102971420136387,-1.5529809189965014,-1.4772982912203971,1.6196424272185943,-0.006305433110325331
-0.05095810653958937,-1.1121546247320422,-1.5529809189965014,-1.4772982912203971,1.6196424272185943,-0.006305433110325331
-0.05095810653958937,-1.1121546247320422,-1.5529809189965014,-1.4772982912203971,1.6196424272185943,-0.006305433110325331
-0.05095810653958937,-1.1121546247320422,-1.5529809189965014,-1.4772982912203971,1.6196424272185943,-0.006305433110325331
-0.06584265416290773,-1.1140121074504457,-1.5529809189965014,-1.4772982912203971,1.6196424272185943,-0.006305433110325331
-0.08066430135276065,-1.116318354310503,-1.5529809189965014,-1.4772982912203971,1.6196424272185943,-0.006305433110325331
-0.08066430135276065,-1.116318354310503,-1.5529809189965014,-1.4772982912203971,1.6196424272185943,-0.006305433110325331
-0.09548594854261358,-1.1186246011705605,-1.5529809189965014,-1.4772982912203971,1.6196424272185943,-0.006305433110325331
-0.09548594854261358,-1.1186246011705605,-1.5529809189965014,-1.4772982912203971,1.6196424272185943,-0.006305433110325331
-0.11022279737230155,-1.1214219725386352,-1.5529809189965014,-1.4772982912203971,1.6196424272185943,-0.006305433110325331
-0.11022279737230155,-1.1214219725386352,-1.5529809189965014,-1.4772982912203971,1.6196424272185943,-0.006305433110325331
-0.12495964620198952,-1.1242193439067099,-1.5529809189965014,-1.4772982912203971,1.6196424272185943,-0.006305433110325331
-0.13963165726828752,-1.1273389738960562,-1.5529809189965014,-1.4772982912203971,1.6196424272185943,-0.006305433110325331
-0.13963165726828752,-1.1273389738960562,-1.5529809189965014,-1.4772982912203971,1.6196424272185943,-0.006305433110325331
-0.15430366833458553,-1.1304586038854025,-1.5529809189965014,-1.4772982912203971,1.6196424272185943,-0.006305433110325331
-0.15430366833458553,-1.1304586038854025,-1.5529809189965014,-1.4772982912203971,1.6196424272185943,-0.006305433110325331
-0.16893326916991208,-1.1337714243452242,-1.5529809189965014,-1.4772982912203971,1.6196424272185943,-0.006305433110325331
-0.16893326916991208,-1.1337714243452242,-1.5529809189965014,-1.4772982912203971,1.6196424272185943,-0.006305433110325331
-0.18356287000523863,-1.1370842448050458,-1.5529809189965014,-1.4772982912203971,1.6196424272185943,-0.006305433110325331
-0.19816540665503787,-1.1405143939842026,-1.5529809189965014,-1.4772982912203971,1.6196424272185943,-0.006305433110325331
-0.19816540665503787,-1.1405143939842026,-1.5529809189965014,-1.4772982912203971,1.6196424272185943,-0.006305433110325331
-0.19816540665503787,-1.1405143939842026,-1.5529809189965014,-1.4772982912203971,1.6196424272185943,-0.006305433110325331
-0.21276794330483711,-1.1439445431633595,-1.5529809189965014,-1.4772982912203971,1.6196424272185943,-0.006305433110325331
-0.22735334027960033,-1.1474468559832784,-1.5529809189965014,-1.4772982912203971,1.6196424272185943,-0.006305433110325331
-0.22735334027960033,-1.1474468559832784,-1.5529809189965014,-1.4772982912203971,1.6196424272185943,-0.006305433110325331
-0.24193873725436355,-1.1509491688031974,-1.5529809189965014,-1.4772982912203971,1.6196424272185943,-0.006305433110325331
-0.24193873725436355,-1.1509491688031974,-1.5529809189965014,-1.4772982912203971,1.6196424272185943,-0.006305433110325331
-0.2565132712604322,-1.1544964154123223,-1.5529809189965014,-1.4772982912203971,1.6196424272185943,-0.006305433110325331
-0.2565132712604322,-1.1544964154123223,-1.5529809189965014,-1.4772982912203971,1.6196424272185943,-0.006305433110325331
-0.2710878052665009,-1.1580436620214472,-1.5529809189965014,-1.4772982912203971,1.6196424272185943,-0.006305433110325331
-0.2710878052665009,-1.1580436620214472,-1.5529809189965014,-1.4772982912203971,1.6196424272185943,-0.006305433110325331
-0.2856554182990037,-1.1616192249890445,-1.5529809189965014,-1.4772982912203971,1.6196424272185943,-0.006305433110325331
-0.2856554182990037,-1.1616192249890445,-1.5529809189965014,-1.4772982912203971,1.6196424272185943,-0.006305433110325331
-0.2856554182990037,-1.1616192249890445,-1.5529809189965014,-1.4772982912203971,1.6196424272185943,-0.006305433110325331
-0.3002230313315065,-1.1651947879566418,-1.5529809189965014,-1.4772982912203971,1.6196424272185943,-0.006305433110325331
-0.31478620087785486,-1.1687884062953515,-1.5529809189965014,-1.4772982912203971,1.6196424272185943,-0.006305433110325331
-0.31478620087785486,-1.1687884062953515,-1.5529809189965014,-1.4772982912203971,1.6196424272185943,-0.006305433110325331
-0.3293493704242032,-1.1723820246340613,-1.5529809189965014,-1.4772982912203971,1.6196424272185943,-0.006305433110325331
-0.3293493704242032,-1.1723820246340613,-1.5529809189965014,-1.4772982912203971,1.6196424272185943,-0.006305433110325331
-0.3439096611353671,-1.1759872894518513,-1.5529809189965014,-1.4772982912203971,1.6196424272185943,-0.006305433110325331
-0.3439096611353671,-1.1759872894518513,-1.5529809189965014,-1.4772982912203971,1.6196424272185943,-0.006305433110325331
-0.35846995184653097,-1.1795925542696413,-1.5529809189965014,-1.4772982912203971,1.6196424272185943,-0.006305433110325331
-0.35846995184653097,-1.1795925542696413,-1.5529809189965014,-1.4772982912203971,1.6196424272185943,-0.006305433110325331
-0.373028358982221,-1.183205417631504,-1.5529809189965014,-1.4772982912203971,1.6196424272185943,-0.006305433110325331
-0.373028358982221,-1.183205417631504,-1.5529809189965014,-1.4772982912203971,1.6196424272185943,-0.006305433110325331
-0.387586766117911,-1.186818280993367,-1.5529809189965014,-1.4772982912203971,1.6196424272185943,-0.006305433110325331
-0.387586766117911,-1.186818280993367,-1.5529809189965014,-1.4772982912203971,1.6196424272185943,-0.006305433110325331
-0.40214392814049216,-1.1904361579741831,-1.5529809189965014,-1.4772982912203971,1.6196424272185943,-0.006305433110325331
-0.40214392814049216,-1.1904361579741831,-1.5529809189965014,-1.4772982912203971,1.6196424272185943,-0.006305433110325331
-0.40214392814049216,-1.1904361579741831,-1.5529809189965014,-1.4772982912203971,1.6196424272185943,-0.006305433110325331
-0.41670109016307333,-1.1940540349549993,-1.5529809189965014,-1.4772982912203971,1.6196424272185943,-0.006305433110325331
-0.4312574204373987,-1.1976752569786757,-1.5529809189965014,-1.4772982912203971,1.6196424272185943,-0.006305433110325331
-0.4312574204373987,-1.1976752569786757,-1.5529809189965014,-1.4772982912203971,1.6196424272185943,-0.006305433110325331
-0.445813750711724,-1.2012964790023521,-1.5529809189965014,-1.4772982912203971,1.6196424272185943,-0.006305433110325331
-0.46036951945041676,-1.2049199575003833,-1.5529809189965014,-1.4772982912203971,1.6196424272185943,-0.006305433110325331
-0.46036951945041676,-1.2049199575003833,-1.5529809189965014,-1.4772982912203971,1.6196424272185943,-0.006305433110325331
-0.4749252881891095,-1.2085434359984144,-1.5529809189965014,-1.4772982912203971,1.6196424272185943,-0.006305433110325331
-0.4894806737693377,-1.2121684533240125,-1.5529809189965014,-1.4772982912203971,1.6196424272185943,-0.006305433110325331
-0.4894806737693377,-1.2121684533240125,-1.5529809189965014,-1.4772982912203971,1.6196424272185943,-0.006305433110325331
-0.5040360593495659,-1.2157934706496105,-1.5529809189965014,-1.4772982912203971,1.6196424272185943,-0.006305433110325331
-0.5185911806952661,-1.2194195487805866,-1.5529809189965014,-1.4772982912203971,1.6196424272185943,-0.006305433110325331
-0.5185911806952661,-1.2194195487805866,-1.5529809189965014,-1.4772982912203971,1.6196424272185943,-0.006305433110325331
-0.5331463020409664,-1.2230456269115626,-1.5529809189965014,-1.4772982912203971,1.6196424272185943,-0.006305433110325331
-0.5477012392272961,-1.2266724441804635,-1.5529809189965014,-1.4772982912203971,1.6196424272185943,-0.006305433110325331
-0.5622561764136258,-1.2302992614493644,-1.5529809189965014,-1.4772982912203971,1.6196424272185943,-0.006305433110325331
-0.5768109838916561,-1.2339265992165807,-1.5529809189965014,-1.4772982912203971,1.6196424272185943,-0.006305433110325331
-0.5768109838916561,-1.2339265992165807,-1.5529809189965014,-1.4772982912203971,1.6196424272185943,-0.006305433110325331
-0.5913657913696864,-1.237553936983797,-1.5529809189965014,-1.4772982912203971,1.6196424272185943,-0.006305433110325331
-0.6059205065301194,-1.2411816451582038,-1.5529809189965014,-1.4772982912203971,1.6196424272185943,-0.006305433110325331
-0.6204752216905525,-1.2448093533326108,-1.5529809189965014,-1.4772982912203971,1.6196424272185943,-0.006305433110325331
-0.6350298576611887,-1.2484373792093462,-1.5529809189965014,-1.4772982912203971,1.6196424272185943,-0.006305433110325331
-0.6350298576611887,-1.2484373792093462,-1.5529809189965014,-1.4772982912203971,1.6196424272185943,-0.006305433110325331
-0.6350298576611887,-1.2484373792093462,-1.5529809189965014,-1.4772982912203971,1.6196424272185943,-0.006305433110325331
-0.6495844936318249,-1.2520654050860816,-1.5529809189965014,-1.4772982912203971,1.6196424272185943,-0.006305433110325331
-0.6641390849253535,-1.2556936101903093,-1.5529809189965014,-1.4772982912203971,1.6196424272185943,-0.006305433110325331
-0.6641390849253535,-1.2556936101903093,-1.5529809189965014,-1.4772982912203971,1.6196424272185943,-0.006305433110325331
-0.678693676218882,-1.2593218152945371,-1.5529809189965014,-1.4772982912203971,1.6196424272185943,-0.006305433110325331
-0.6932482347136157,-1.2629501519690165,-1.5529809189965014,-1.4772982912203971,1.6196424272185943,-0.006305433110325331
-0.7078027932083495,-1.2665784886434959,-1.5529809189965014,-1.4772982912203971,1.6196424272185943,-0.006305433110325331
-0.7223573232009678,-1.27020693964826,-1.5529809189965014,-1.4772982912203971,1.6196424272185943,-0.006305433110325331
-0.7223573232009678,-1.27020693964826,-1.5529809189965014,-1.4772982912203971,1.6196424272185943,-0.006305433110325331
-0.7223573232009678,-1.27020693964826,-1.5529809189965014,-1.4772982912203971,1.6196424272185943,-0.006305433110325331
-0.7369118531935861,-1.2738353906530242,-1.5529809189965014,-1.4772982912203971,1.6196424272185943,-0.006305433110325331
-0.751466366034552,-1.2774639104562167,-1.5529809189965014,-1.4772982912203971,1.6196424272185943,-0.006305433110325331
-0.7660208788755178,-1.281092430259409,-1.5529809189965014,-1.4772982912203971,1.6196424272185943,-0.006305433110325331
-0.7802505329517317,-1.2846400150614992,-1.5529809189965014,-1.4772982912203971,1.6196424272185943,-0.006305433110325331
-0.7802505329517317,-1.2846400150614992,-1.5529809189965014,-1.4772982912203971,1.6196424272185943,-0.006305433110325331
-0.7944801870279457,-1.2881875998635892,-1.5529809189965014,-1.4772982912203971,1.6196424272185943,-0.006305433110325331
-0.8080268084728839,-1.2915649376419733,-1.5529809189965014,-1.4772982912203971,1.6196424272185943,-0.006305433110325331
-0.8080268084728839,-1.2915649376419733,-1.5529809189965014,-1.4772982912203971,1.6196424272185943,-0.006305433110325331
-0.8215734299178221,-1.2949422754203574,-1.5529809189965014,-1.4772982912203971,1.6196424272185943,-0.006305433110325331
-0.8344698067472803,-1.2981575282059363,-1.5529809189965014,-1.4772982912203971,1.6196424272185943,-0.006305433110325331
-0.8344698067472803,-1.2981575282059363,-1.5529809189965014,-1.4772982912203971,1.6196424272185943,-0.006305433110325331
-0.8473661835767385,-1.3013727809915152,-1.5529809189965014,-1.4772982912203971,1.6196424272185943,-0.006305433110325331
-0.8596435292880176,-1.3044337218208923,-1.5529809189965014,-1.4772982912203971,1.6196424272185943,-0.006305433110325331
-0.8596435292880176,-1.3044337218208923,-1.5529809189965014,-1.4772982912203971,1.6196424272185943,-0.006305433110325331
-0.8719208749992966,-1.3074946626502695,-1.5529809189965014,-1.4772982912203971,1.6196424272185943,-0.006305433110325331
-0.883608904356457,-1.3104086934014372,-1.5529809189965014,-1.4772982912203971,1.6196424272185943,-0.006305433110325331
-0.883608904356457,-1.3104086934014372,-1.5529809189965014,-1.4772982912203971,1.6196424272185943,-0.006305433110325331
-0.9067044474622107,-1.3161668298136557,-1.5529809189965014,-1.4772982912203971,1.6196424272185943,-0.006305433110325331
-0.9067044474622107,-1.3161668298136557,-1.5529809189965014,-1.4772982912203971,1.6196424272185943,-0.006305433110325331
-0.918111961210804,-1.3190109354747066,-1.5529809189965014,-1.4772982912203971,1.6196424272185943,-0.006305433110325331
-0.9286913992503127,-1.321648596730283,-1.5529809189965014,-1.4772982912203971,1.6196424272185943,-0.006305433110325331
-0.9286913992503127,-1.321648596730283,-1.5529809189965014,-1.4772982912203971,1.6196424272185943,-0.006305433110325331
-0.9392708372898215,-1.3242862579858592,-1.5529809189965014,-1.4772982912203971,1.6196424272185943,-0.006305433110325331
-0.9493424607143107,-1.3267973178751131,-1.5529809189965014,-1.4772982912203971,1.6196424272185943,-0.006305433110325331
-0.9594140841387999,-1.329308377764367,-1.5529809189965014,-1.4772982912203971,1.6196424272185943,-0.006305433110325331
-0.9690022684161171,-1.3316989116835265,-1.5529809189965014,-1.4772982912203971,1.6196424272185943,-0.006305433110325331
-0.9690022684161171,-1.3316989116835265,-1.5529809189965014,-1.4772982912203971,1.6196424272185943,-0.006305433110325331
-0.9785904526934344,-1.334089445602686,-1.5529809189965014,-1.4772982912203971,1.6196424272185943,-0.006305433110325331
-0.9877184031786306,-1.3363652376913275,-1.5529809189965014,-1.4772982912203971,1.6196424272185943,-0.006305433110325331
-0.9877184031786306,-1.3363652376913275,-1.5529809189965014,-1.4772982912203971,1.6196424272185943,-0.006305433110325331
-0.9877184031786306,-1.3363652376913275,-1.5529809189965014,-1.4772982912203971,1.6196424272185943,-0.006305433110325331
-0.9877184031786306,-1.3363652376913275,-1.5529809189965014,-1.4772982912203971,1.6196424272185943,-0.006305433110325331
-0.9877184031786306,-1.3363652376913275,-1.5529809189965014,-1.4772982912203971,1.6196424272185943,-0.006305433110325331
-0.9877184031786306,-1.3363652376913275,-1.5529809189965014,-1.4772982912203971,1.6196424272185943,-0.006305433110325331
-0.9968463536638268,-1.3386410297799691,-1.5529809189965014,-1.4772982912203971,1.6196424272185943,-0.006305433110325331
-0.9968463536638268,-1.3386410297799691,-1.5529809189965014,-1.4772982912203971,1.6196424272185943,-0.006305433110325331
-0.9968463536638268,-1.3386410297799691,-1.5529809189965014,-1.4772982912203971,1.6196424272185943,-0.006305433110325331
-1.0055361617882792,-1.3408075868062341,-1.5529809189965014,-1.4772982912203971,1.6196424272185943,-0.006305433110325331
-1.0055361617882792,-1.3408075868062341,-1.5529809189965014,-1.4772982912203971,1.6196424272185943,-0.006305433110325331
-1.0055361617882792,-1.3408075868062341,-1.5529809189965014,-1.4772982912203971,1.6196424272185943,-0.006305433110325331
-1.0142259699127316,-1.3429741438324991,-1.5529809189965014,-1.4772982912203971,1.6196424272185943,-0.006305433110325331
-1.0224986666696048,-1.3450367084382326,-1.5529809189965014,-1.4772982912203971,1.6196424272185943,-0.006305433110325331
-1.0224986666696048,-1.3450367084382326,-1.5529809189965014,-1.4772982912203971,1.6196424272185943,-0.006305433110325331
-1.0224986666696048,-1.3450367084382326,-1.5529809189965014,-1.4772982912203971,1.6196424272185943,-0.006305433110325331
-1.030771363426478,-1.3470992730439661,-1.5529809189965014,-1.4772982912203971,1.6196424272185943,-0.006305433110325331
-1.030771363426478,-1.3470992730439661,-1.5529809189965014,-1.4772982912203971,1.6196424272185943,-0.006305433110325331
-1.038646970284222,-1.3490628363727826,-1.5529809189965014,-1.4772982912203971,1.6196424272185943,-0.006305433110325331
-1.038646970284222,-1.3490628363727826,-1.5529809189965014,-1.4772982912203971,1.6196424272185943,-0.006305433110325331
-1.038646970284222,-1.3490628363727826,-1.5529809189965014,-1.4772982912203971,1.6196424272185943,-0.006305433110325331
-1.0465225771419662,-1.351026399701599,-1.5529809189965014,-1.4772982912203971,1.6196424272185943,-0.006305433110325331
-1.0465225771419662,-1.351026399701599,-1.5529809189965014,-1.4772982912203971,1.6196424272185943,-0.006305433110325331
-1.0540201545106442,-1.352895713434133,-1.5529809189965014,-1.4772982912203971,1.6196424272185943,-0.006305433110325331
-1.0540201545106442,-1.352895713434133,-1.5529809189965014,-1.4772982912203971,1.6196424272185943,-0.006305433110325331
-1.0540201545106442,-1.352895713434133,-1.5529809189965014,-1.4772982912203971,1.6196424272185943,-0.006305433110325331
-1.0615177318793223,-1.3547650271666671,-1.5529809189965014,-1.4772982912203971,1.6196424272185943,-0.006305433110325331
-1.068655425248163,-1.3565446149877205,-1.5529809189965014,-1.4772982912203971,1.6196424272185943,-0.006305433110325331
-1.068655425248163,-1.3565446149877205,-1.5529809189965014,-1.4772982912203971,1.6196424272185943,-0.006305433110325331
-1.068655425248163,-1.3565446149877205,-1.5529809189965014,-1.4772982912203971,1.6196424272185943,-0.006305433110325331
-1.0757931186170038,-1.3583242028087739,-1.5529809189965014,-1.4772982912203971,1.6196424272185943,-0.006305433110325331
-1.0757931186170038,-1.3583242028087739,-1.5529809189965014,-1.4772982912203971,1.6196424272185943,-0.006305433110325331
-1.082588202475621,-1.3600183713309817,-1.5529809189965014,-1.4772982912203971,1.6196424272185943,-0.006305433110325331
-1.082588202475621,-1.3600183713309817,-1.5529809189965014,-1.4772982912203971,1.6196424272185943,-0.006305433110325331
-1.0893832863342383,-1.3617125398531895,-1.5529809189965014,-1.4772982912203971,1.6196424272185943,-0.006305433110325331
-1.0958522059843692,-1.363325389021417,-1.5529809189965014,-1.4772982912203971,1.6196424272185943,-0.006305433110325331
-1.0958522059843692,-1.363325389021417,-1.5529809189965014,-1.4772982912203971,1.6196424272185943,-0.006305433110325331
-1.0958522059843692,-1.363325389021417,-1.5529809189965014,-1.4772982912203971,1.6196424272185943,-0.006305433110325331
-1.1023211256345,-1.3649382381896444,-1.5529809189965014,-1.4772982912203971,1.6196424272185943,-0.006305433110325331
-1.1023211256345,-1.3649382381896444,-1.5529809189965014,-1.4772982912203971,1.6196424272185943,-0.006305433110325331
-1.108479536993852,-1.3664736711896928,-1.5529809189965014,-1.4772982912203971,1.6196424272185943,-0.006305433110325331
-1.108479536993852,-1.3664736711896928,-1.5529809189965014,-1.4772982912203971,1.6196424272185943,-0.006305433110325331
-1.108479536993852,-1.3664736711896928,-1.5529809189965014,-1.4772982912203971,1.6196424272185943,-0.006305433110325331
-1.114637948353204,-1.368009104189741,-1.5529809189965014,-1.4772982912203971,1.6196424272185943,-0.006305433110325331
-1.1205007558480315,-1.3694708368841868,-1.5529809189965014,-1.4772982912203971,1.6196424272185943,-0.006305433110325331
-1.1205007558480315,-1.3694708368841868,-1.5529809189965014,-1.4772982912203971,1.6196424272185943,-0.006305433110325331
-1.1205007558480315,-1.3694708368841868,-1.5529809189965014,-1.4772982912203971,1.6196424272185943,-0.006305433110325331
-1.126363563342859,-1.3709325695786325,-1.5529809189965014,-1.4772982912203971,1.6196424272185943,-0.006305433110325331
-1.126363563342859,-1.3709325695786325,-1.5529809189965014,-1.4772982912203971,1.6196424272185943,-0.006305433110325331
-1.1319449559811858,-1.3723241394917927,-1.5529809189965014,-1.4772982912203971,1.6196424272185943,-0.006305433110325331
-1.1319449559811858,-1.3723241394917927,-1.5529809189965014,-1.4772982912203971,1.6196424272185943,-0.006305433110325331
-1.1375263486195126,-1.3737157094049528,-1.5529809189965014,-1.4772982912203971,1.6196424272185943,-0.006305433110325331
-1.1375263486195126,-1.3737157094049528,-1.5529809189965014,-1.4772982912203971,1.6196424272185943,-0.006305433110325331
-1.1428398343324582,-1.3750404842781039,-1.5529809189965014,-1.4772982912203971,1.6196424272185943,-0.006305433110325331
-1.1428398343324582,-1.3750404842781039,-1.5529809189965014,-1.4772982912203971,1.6196424272185943,-0.006305433110325331
-1.1481533200454037,-1.376365259151255,-1.5529809189965014,-1.4772982912203971,1.6196424272185943,-0.006305433110325331
-1.1481533200454037,-1.376365259151255,-1.5529809189965014,-1.4772982912203971,1.6196424272185943,-0.006305433110325331
-1.1532117583798374,-1.3776264450883553,-1.5529809189965014,-1.4772982912203971,1.6196424272185943,-0.006305433110325331
-1.1532117583798374,-1.3776264450883553,-1.5529809189965014,-1.4772982912203971,1.6196424272185943,-0.006305433110325331
-1.158270196714271,-1.3788876310254556,-1.5529809189965014,-1.4772982912203971,1.6196424272185943,-0.006305433110325331
-1.158270196714271,-1.3788876310254556,-1.5529809189965014,-1.4772982912203971,1.6196424272185943,-0.006305433110325331
-1.1630858299560023,-1.380088280248746,-1.5529809189965014,-1.4772982912203971,1.6196424272185943,-0.006305433110325331
-1.1630858299560023,-1.380088280248746,-1.5529809189965014,-1.4772982912203971,1.6196424272185943,-0.006305433110325331
-1.1630858299560023,-1.380088280248746,-1.5529809189965014,-1.4772982912203971,1.6196424272185943,-0.006305433110325331
-1.1679014631977336,-1.3812889294720363,-1.5529809189965014,-1.4772982912203971,1.6196424272185943,-0.006305433110325331
-1.1724859460006223,-1.3824319477060363,-1.5529809189965014,-1.4772982912203971,1.6196424272185943,-0.006305433110325331
-1.1724859460006223,-1.3824319477060363,-1.5529809189965014,-1.4772982912203971,1.6196424272185943,-0.006305433110325331
-1.1724859460006223,-1.3824319477060363,-1.5529809189965014,-1.4772982912203971,1.6196424272185943,-0.006305433110325331
-1.177070428803511,-1.3835749659400363,-1.5529809189965014,-1.4772982912203971,1.6196424272185943,-0.006305433110325331
-1.1814348563962545,-1.3846631194416175,-1.5529809189965014,-1.4772982912203971,1.6196424272185943,-0.006305433110325331
-1.1814348563962545,-1.3846631194416175,-1.5529809189965014,-1.4772982912203971,1.6196424272185943,-0.006305433110325331
-1.185799283988998,-1.3857512729431987,-1.5529809189965014,-1.4772982912203971,1.6196424272185943,-0.006305433110325331
-1.185799283988998,-1.3857512729431987,-1.5529809189965014,-1.4772982912203971,1.6196424272185943,-0.006305433110325331
-1.189954219027894,-1.386787195194606,-1.5529809189965014,-1.4772982912203971,1.6196424272185943,-0.006305433110325331
-1.189954219027894,-1.386787195194606,-1.5529809189965014,-1.4772982912203971,1.6196424272185943,-0.006305433110325331
-1.189954219027894,-1.386787195194606,-1.5529809189965014,-1.4772982912203971,1.6196424272185943,-0.006305433110325331
-1.189954219027894,-1.386787195194606,-1.5529809189965014,-1.4772982912203971,1.6196424272185943,-0.006305433110325331
-1.19410915406679,-1.3878231174460134,-1.5529809189965014,-1.4772982912203971,1.6196424272185943,-0.006305433110325331
-1.19410915406679,-1.3878231174460134,-1.5529809189965014,-1.4772982912203971,1.6196424272185943,-0.006305433110325331
-1.1980646521994929,-1.3888093155269228,-1.5529809189965014,-1.4772982912203971,1.6196424272185943,-0.006305433110325331
-1.1980646521994929,-1.3888093155269228,-1.5529809189965014,-1.4772982912203971,1.6196424272185943,-0.006305433110325331
-1.1980646521994929,-1.3888093155269228,-1.5529809189965014,-1.4772982912203971,1.6196424272185943,-0.006305433110325331
-1.1980646521994929,-1.3888093155269228,-1.5529809189965014,-1.4772982912203971,1.6196424272185943,-0.006305433110325331
-1.2020201503321957,-1.3897955136078322,-1.5529809189965014,-1.4772982912203971,1.6196424272185943,-0.006305433110325331
-1.205785784534352,-1.390734374261784,-1.5529809189965014,-1.4772982912203971,1.6196424272185943,-0.006305433110325331
-1.205785784534352,-1.390734374261784,-1.5529809189965014,-1.4772982912203971,1.6196424272185943,-0.006305433110325331
-1.205785784534352,-1.390734374261784,-1.5529809189965014,-1.4772982912203971,1.6196424272185943,-0.006305433110325331
-1.2095514187365084,-1.3916732349157357,-1.5529809189965014,-1.4772982912203971,1.6196424272185943,-0.006305433110325331
-1.2131363024801904,-1.3925670303255633,-1.5529809189965014,-1.4772982912203971,1.6196424272185943,-0.006305433110325331
-1.2131363024801904,-1.3925670303255633,-1.5529809189965014,-1.4772982912203971,1.6196424272185943,-0.006305433110325331
-1.2167211862238725,-1.3934608257353909,-1.5529809189965014,-1.4772982912203971,1.6196424272185943,-0.006305433110325331
-1.2167211862238725,-1.3934608257353909,-1.5529809189965014,-1.4772982912203971,1.6196424272185943,-0.006305433110325331
-1.22013399553389,-1.39431171902157,-1.5529809189965014,-1.4772982912203971,1.6196424272185943,-0.006305433110325331
-1.22013399553389,-1.39431171902157,-1.5529809189965014,-1.4772982912203971,1.6196424272185943,-0.006305433110325331
-1.2235468048439073,-1.395162612307749,-1.5529809189965014,-1.4772982912203971,1.6196424272185943,-0.006305433110325331
-1.2235468048439073,-1.395162612307749,-1.5529809189965014,-1.4772982912203971,1.6196424272185943,-0.006305433110325331
-1.2267957992953884,-1.39597266276294,-1.5529809189965014,-1.4772982912203971,1.6196424272185943,-0.006305433110325331
-1.2267957992953884,-1.39597266276294,-1.5529809189965014,-1.4772982912203971,1.6196424272185943,-0.006305433110325331
-1.2300447937468695,-1.3967827132181312,-1.5529809189965014,-1.4772982912203971,1.6196424272185943,-0.006305433110325331
-1.2300447937468695,-1.3967827132181312,-1.5529809189965014,-1.4772982912203971,1.6196424272185943,-0.006305433110325331
-1.233137836454936,-1.3975538812905526,-1.5529809189965014,-1.4772982912203971,1.6196424272185943,-0.006305433110325331
-1.233137836454936,-1.3975538812905526,-1.5529809189965014,-1.4772982912203971,1.6196424272185943,-0.006305433110325331
-1.233137836454936,-1.3975538812905526,-1.5529809189965014,-1.4772982912203971,1.6196424272185943,-0.006305433110325331
-1.2362308791630023,-1.398325049362974,-1.5529809189965014,-1.4772982912203971,1.6196424272185943,-0.006305433110325331
-1.2391754558129229,-1.3990592014006427,-1.5529809189965014,-1.4772982912203971,1.6196424272185943,-0.006305433110325331
-1.2391754558129229,-1.3990592014006427,-1.5529809189965014,-1.4772982912203971,1.6196424272185943,-0.006305433110325331
-1.2391754558129229,-1.3990592014006427,-1.5529809189965014,-1.4772982912203971,1.6196424272185943,-0.006305433110325331
-1.2421200324628434,-1.3997933534383113,-1.5529809189965014,-1.4772982912203971,1.6196424272185943,-0.006305433110325331
-1.2449232694267252,-1.4004922662056172,-1.5529809189965014,-1.4772982912203971,1.6196424272185943,-0.006305433110325331
-1.2449232694267252,-1.4004922662056172,-1.5529809189965014,-1.4772982912203971,1.6196424272185943,-0.006305433110325331
-1.247726506390607,-1.401191178972923,-1.5529809189965014,-1.4772982912203971,1.6196424272185943,-0.006305433110325331
-1.247726506390607,-1.401191178972923,-1.5529809189965014,-1.4772982912203971,1.6196424272185943,-0.006305433110325331
-1.2503951879744746,-1.401856543950451,-1.5529809189965014,-1.4772982912203971,1.6196424272185943,-0.006305433110325331
-1.2503951879744746,-1.401856543950451,-1.5529809189965014,-1.4772982912203971,1.6196424272185943,-0.006305433110325331
-1.2530638695583423,-1.4025219089279788,-1.5529809189965014,-1.4772982912203971,1.6196424272185943,-0.006305433110325331
-1.2556044544213498,-1.4031553364059761,-1.5529809189965014,-1.4772982912203971,1.6196424272185943,-0.006305433110325331
-1.2556044544213498,-1.4031553364059761,-1.5529809189965014,-1.4772982912203971,1.6196424272185943,-0.006305433110325331
-1.2556044544213498,-1.4031553364059761,-1.5529809189965014,-1.4772982912203971,1.6196424272185943,-0.006305433110325331
-1.2581450392843574,-1.4037887638839734,-1.5529809189965014,-1.4772982912203971,1.6196424272185943,-0.006305433110325331
-1.2605636760698686,-1.404391786859359,-1.5529809189965014,-1.4772982912203971,1.6196424272185943,-0.006305433110325331
-1.2605636760698686,-1.404391786859359,-1.5529809189965014,-1.4772982912203971,1.6196424272185943,-0.006305433110325331
-1.2629823128553799,-1.4049948098347445,-1.5529809189965014,-1.4772982912203971,1.6196424272185943,-0.006305433110325331
-1.2629823128553799,-1.4049948098347445,-1.5529809189965014,-1.4772982912203971,1.6196424272185943,-0.006305433110325331
-1.2629823128553799,-1.4049948098347445,-1.5529809189965014,-1.4772982912203971,1.6196424272185943,-0.006305433110325331
-1.2629823128553799,-1.4049948098347445,-1.5529809189965014,-1.4772982912203971,1.6196424272185943,-0.006305433110325331
-1.2629823128553799,-1.4049948098347445,-1.5529809189965014,-1.4772982912203971,1.6196424272185943,-0.006305433110325331
-1.2629823128553799,-1.4049948098347445,-1.5529809189965014,-1.4772982912203971,1.6196424272185943,-0.006305433110325331
-1.2629823128553799,-1.4049948098347445,-1.5529809189965014,-1.4772982912203971,1.6196424272185943,-0.006305433110325331
-1.2629823128553799,-1.4049948098347445,-1.5529809189965014,-1.4772982912203971,1.6196424272185943,-0.006305433110325331
-1.2629823128553799,-1.4049948098347445,-1.5529809189965014,-1.4772982912203971,1.6196424272185943,-0.006305433110325331
-1.2629823128553799,-1.4049948098347445,-1.5529809189965014,-1.4772982912203971,1.6196424272185943,-0.006305433110325331
-1.2629823128553799,-1.4049948098347445,-1.5529809189965014,-1.4772982912203971,1.6196424272185943,-0.006305433110325331
-1.2629823128553799,-1.4049948098347445,-1.5529809189965014,-1.4772982912203971,1.6196424272185943,-0.006305433110325331
-1.2629823128553799,-1.4049948098347445,-1.5529809189965014,-1.4772982912203971,1.6196424272185943,-0.006305433110325331
-1.2629823128553799,-1.4049948098347445,-1.5529809189965014,-1.4772982912203971,1.6196424272185943,-0.006305433110325331
-1.2629823128553799,-1.4049948098347445,-1.5529809189965014,-1.4772982912203971,1.6196424272185943,-0.006305433110325331
-1.2629823128553799,-1.4049948098347445,-1.5529809189965014,-1.4772982912203971,1.6196424272185943,-0.006305433110325331
-1.2629823128553799,-1.4049948098347445,-1.5529809189965014,-1.4772982912203971,1.6196424272185943,-0.006305433110325331
-1.2629823128553799,-1.4049948098347445,-1.5529809189965014,-1.4772982912203971,1.6196424272185943,-0.006305433110325331
-1.2629823128553799,-1.4049948098347445,-1.5529809189965014,-1.4772982912203971,1.6196424272185943,-0.006305433110325331
-1.2629823128553799,-1.4049948098347445,-1.5529809189965014,-1.4772982912203971,1.6196424272185943,-0.006305433110325331
-1.2629823128553799,-1.4049948098347445,-1.5529809189965014,-1.4772982912203971,1.6196424272185943,-0.006305433110325331
-1.2629823128553799,-1.4049948098347445,-1.5529809189965014,-1.4772982912203971,1.6196424272185943,-0.006305433110325331
-1.2629823128553799,-1.4049948098347445,-1.5529809189965014,-1.4772982912203971,1.6196424272185943,-0.006305433110325331
-1.2629823128553799,-1.4049948098347445,-1.5529809189965014,-1.4772982912203971,1.6196424272185943,-0.006305433110325331
-1.2629823128553799,-1.4049948098347445,-1.5529809189965014,-1.4772982912203971,1.6196424272185943,-0.006305433110325331
-1.2629823128553799,-1.4049948098347445,-1.5529809189965014,-1.4772982912203971,1.6196424272185943,-0.006305433110325331
-1.2629823128553799,-1.4049948098347445,-1.5529809189965014,-1.4772982912203971,1.6196424272185943,-0.006305433110325331
-1.2629823128553799,-1.4049948098347445,-1.5529809189965014,-1.4772982912203971,1.6196424272185943,-0.006305433110325331
-1.2629823128553799,-1.4049948098347445,-1.5529809189965014,-1.4772982912203971,1.6196424272185943,-0.006305433110325331
-1.2629823128553799,-1.4049948098347445,-1.5529809189965014,-1.4772982912203971,1.6196424272185943,-0.006305433110325331
-1.2629823128553799,-1.4049948098347445,-1.5529809189965014,-1.4772982912203971,1.6196424272185943,-0.006305433110325331
-1.2629823128553799,-1.4049948098347445,-1.5529809189965014,-1.4772982912203971,1.6196424272185943,-0.006305433110325331
-1.2629823128553799,-1.4049948098347445,-1.5529809189965014,-1.4772982912203971,1.6196424272185943,-0.006305433110325331
-1.2629823128553799,-1.4049948098347445,-1.5529809189965014,-1.4772982912203971,1.6196424272185943,-0.006305433110325331
-1.2629823128553799,-1.4049948098347445,-1.5529809189965014,-1.4772982912203971,1.6196424272185943,-0.006305433110325331
-1.2629823128553799,-1.4049948098347445,-1.5529809189965014,-1.4772982912203971,1.6196424272185943,-0.006305433110325331
-1.2629823128553799,-1.4049948098347445,-1.5529809189965014,-1.4772982912203971,1.6196424272185943,-0.006305433110325331
-1.2629823128553799,-1.4049948098347445,-1.5529809189965014,-1.4772982912203971,1.6196424272185943,-0.006305433110325331
-1.2629823128553799,-1.4049948098347445,-1.5529809189965014,-1.4772982912203971,1.6196424272185943,-0.006305433110325331
-1.2629823128553799,-1.4049948098347445,-1.5529809189965014,-1.4772982912203971,1.6196424272185943,-0.006305433110325331
-1.2629823128553799,-1.4049948098347445,-1.5529809189965014,-1.4772982912203971,1.6196424272185943,-0.006305433110325331
-1.2629823128553799,-1.4049948098347445,-1.5529809189965014,-1.4772982912203971,1.6196424272185943,-0.006305433110325331
-1.2629823128553799,-1.4049948098347445,-1.5529809189965014,-1.4772982912203971,1.6196424272185943,-0.006305433110325331
-1.2629823128553799,-1.4049948098347445,-1.5529809189965014,-1.4772982912203971,1.6196424272185943,-0.006305433110325331
-1.2629823128553799,-1.4049948098347445,-1.5529809189965014,-1.4772982912203971,1.6196424272185943,-0.006305433110325331
-1.2629823128553799,-1.4049948098347445,-1.5540713383493512,-1.4775701447424814,1.6196424272185943,-0.006305433110325331
-1.2629823128553799,-1.4049948098347445,-1.5540713383493512,-1.4775701447424814,1.6196424272185943,-0.006305433110325331
-1.2629823128553799,-1.4049948098347445,-1.5540713383493512,-1.4775701447424814,1.6196424272185943,-0.006305433110325331
-1.2629823128553799,-1.4049948098347445,-1.5540713383493512,-1.4775701447424814,1.6196424272185943,-0.006305433110325331
-1.2629823128553799,-1.4049948098347445,-1.5540713383493512,-1.4775701447424814,1.6196424272185943,-0.006305433110325331
-1.2629823128553799,-1.4049948098347445,-1.5540713383493512,-1.4775701447424814,1.6196424272185943,-0.006305433110325331
-1.2629823128553799,-1.4049948098347445,-1.5540713383493512,-1.4775701447424814,1.6196424272185943,-0.006305433110325331
-1.2629823128553799,-1.4049948098347445,-1.5540713383493512,-1.4775701447424814,1.6196424272185943,-0.006305433110325331
-1.2629823128553799,-1.4049948098347445,-1.5540713383493512,-1.4775701447424814,1.6196424272185943,-0.006305433110325331
-1.2629823128553799,-1.4049948098347445,-1.5540713383493512,-1.4775701447424814,1.6196424272185943,-0.006305433110325331
-1.2629823128553799,-1.4049948098347445,-1.5540713383493512,-1.4775701447424814,1.6196424272185943,-0.006305433110325331
-1.2629823128553799,-1.4049948098347445,-1.5540713383493512,-1.4775701447424814,1.6196424272185943,-0.006305433110325331
-1.2629823128553799,-1.4049948098347445,-1.5540713383493512,-1.4775701447424814,1.6196424272185943,-0.006305433110325331
-1.2629823128553799,-1.4049948098347445,-1.5540713383493512,-1.4775701447424814,1.6196424272185943,-0.006305433110325331
-1.2629823128553799,-1.4049948098347445,-1.5540713383493512,-1.4775701447424814,1.6196424272185943,-0.006305433110325331
-1.2629823128553799,-1.4049948098347445,-1.5540713383493512,-1.4775701447424814,1.6196424272185943,-0.006305433110325331
-1.2629823128553799,-1.4049948098347445,-1.5540713383493512,-1.4775701447424814,1.6196424272185943,-0.006305433110325331
-1.2629823128553799,-1.4049948098347445,-1.5540713383493512,-1.4775701447424814,1.6196424272185943,-0.006305433110325331
-1.2629823128553799,-1.4049948098347445,-1.5540713383493512,-1.4775701447424814,1.6196424272185943,-0.006305433110325331
-1.2629823128553799,-1.4049948098347445,-1.5540713383493512,-1.4775701447424814,1.6196424272185943,-0.006305433110325331
-1.2629823128553799,-1.4049948098347445,-1.5540713383493512,-1.4775701447424814,1.6196424272185943,-0.006305433110325331
-1.2629823128553799,-1.4049948098347445,-1.5540713383493512,-1.4775701447424814,1.6196424272185943,-0.006305433110325331
-1.2629823128553799,-1.4049948098347445,-1.5540713383493512,-1.4775701447424814,1.6196424272185943,-0.006305433110325331
-1.2629823128553799,-1.4049948098347445,-1.5540713383493512,-1.4775701447424814,1.6196424272185943,-0.006305433110325331
-1.2629823128553799,-1.4049948098347445,-1.5540713383493512,-1.4775701447424814,1.6196424272185943,-0.006305433110325331
-1.2629823128553799,-1.4049948098347445,-1.5540713383493512,-1.4775701447424814,1.6196424272185943,-0.006305433110325331
-1.2629823128553799,-1.4049948098347445,-1.5540713383493512,-1.4775701447424814,1.6196424272185943,-0.006305433110325331
-1.2629823128553799,-1.4049948098347445,-1.5540713383493512,-1.4775701447424814,1.6196424272185943,-0.006305433110325331
-1.2629823128553799,-1.4049948098347445,-1.5540713383493512,-1.4775701447424814,1.6196424272185943,-0.006305433110325331
-1.2629823128553799,-1.4049948098347445,-1.5540713383493512,-1.4775701447424814,1.6196424272185943,-0.006305433110325331
-1.2629823128553799,-1.4049948098347445,-1.5540713383493512,-1.4775701447424814,1.6196424272185943,-0.006305433110325331
-1.2629823128553799,-1.4049948098347445,-1.5540713383493512,-1.4775701447424814,1.6196424272185943,-0.006305433110325331
-1.2629823128553799,-1.4049948098347445,-1.5540713383493512,-1.4775701447424814,1.6196424272185943,-0.006305433110325331
-1.2629823128553799,-1.4049948098347445,-1.5540713383493512,-1.4775701447424814,1.6196424272185943,-0.006305433110325331
-1.2629823128553799,-1.4049948098347445,-1.5540713383493512,-1.4775701447424814,1.6196424272185943,-0.006305433110325331
-1.2629823128553799,-1.4049948098347445,-1.5540713383493512,-1.4775701447424814,1.6196424272185943,-0.006305433110325331
-1.2629823128553799,-1.4049948098347445,-1.5540713383493512,-1.4775701447424814,1.6196424272185943,-0.006305433110325331
-1.2629823128553799,-1.4049948098347445,-1.5540713383493512,-1.4775701447424814,1.6196424272185943,-0.006305433110325331
-1.2629823128553799,-1.4049948098347445,-1.5540713383493512,-1.4775701447424814,1.6196424272185943,-0.006305433110325331
-1.2629823128553799,-1.4049948098347445,-1.5540713383493512,-1.4775701447424814,1.6196424272185943,-0.006305433110325331
-1.2629823128553799,-1.4049948098347445,-1.5540713383493512,-1.4775701447424814,1.6196424272185943,-0.006305433110325331
-1.2629823128553799,-1.4049948098347445,-1.5540713383493512,-1.4775701447424814,1.6196424272185943,-0.006305433110325331
-1.2629823128553799,-1.4049948098347445,-1.5540713383493512,-1.4775701447424814,1.6196424272185943,-0.006305433110325331
-1.2629823128553799,-1.4049948098347445,-1.5540713383493512,-1.4775701447424814,1.6196424272185943,-0.006305433110325331
-1.2629823128553799,-1.4049948098347445,-1.5540713383493512,-1.4775701447424814,1.6196424272185943,-0.006305433110325331
-1.2629823128553799,-1.4049948098347445,-1.5540713383493512,-1.4775701447424814,1.6196424272185943,-0.006305433110325331
-1.2629823128553799,-1.4049948098347445,-1.5540713383493512,-1.4775701447424814,1.6196424272185943,-0.006305433110325331
-1.2629823128553799,-1.4049948098347445,-1.5540713383493512,-1.4775701447424814,1.6196424272185943,-0.006305433110325331
-1.2629823128553799,-1.4049948098347445,-1.5540713383493512,-1.4775701447424814,1.6196424272185943,-0.006305433110325331
-1.2629823128553799,-1.4049948098347445,-1.5540713383493512,-1.4775701447424814,1.6196424272185943,-0.006305433110325331
-1.2629823128553799,-1.4049948098347445,-1.5540713383493512,-1.4775701447424814,1.6196424272185943,-0.006305433110325331
-1.2629823128553799,-1.4049948098347445,-1.5540713383493512,-1.4775701447424814,1.6196424272185943,-0.006305433110325331
-1.2629823128553799,-1.4049948098347445,-1.5540713383493512,-1.4775701447424814,1.6196424272185943,-0.006305433110325331
-1.2629823128553799,-1.4049948098347445,-1.5540713383493512,-1.4775701447424814,1.6196424272185943,-0.006305433110325331
-1.2629823128553799,-1.4049948098347445,-1.5540713383493512,-1.4775701447424814,1.6196424272185943,-0.006305433110325331
-1.2629823128553799,-1.4049948098347445,-1.5540713383493512,-1.4775701447424814,1.6196424272185943,-0.006305433110325331
-1.2629823128553799,-1.4049948098347445,-1.5540713383493512,-1.4775701447424814,1.6196424272185943,-0.006305433110325331
-1.2629823128553799,-1.4049948098347445,-1.5540713383493512,-1.4775701447424814,1.6196424272185943,-0.006305433110325331
-1.2629823128553799,-1.4049948098347445,-1.5540713383493512,-1.4775701447424814,1.6196424272185943,-0.006305433110325331
-1.2629823128553799,-1.4049948098347445,-1.5540713383493512,-1.4775701447424814,1.6196424272185943,-0.006305433110325331
-1.2629823128553799,-1.4049948098347445,-1.5540713383493512,-1.4775701447424814,1.6196424272185943,-0.006305433110325331
-1.2629823128553799,-1.4049948098347445,-1.5540713383493512,-1.4775701447424814,1.6196424272185943,-0.006305433110325331
-1.2629823128553799,-1.4049948098347445,-1.5540713383493512,-1.4775701447424814,1.6196424272185943,-0.006305433110325331
-1.2629823128553799,-1.4049948098347445,-1.5540713383493512,-1.4775701447424814,1.6196424272185943,-0.006305433110325331
-1.2629823128553799,-1.4049948098347445,-1.5540713383493512,-1.4775701447424814,1.6196424272185943,-0.006305433110325331
-1.2629823128553799,-1.4049948098347445,-1.5540713383493512,-1.4775701447424814,1.6196424272185943,-0.006305433110325331
-1.2629823128553799,-1.4049948098347445,-1.5540713383493512,-1.4775701447424814,1.6196424272185943,-0.006305433110325331
-1.2629823128553799,-1.4049948098347445,-1.5540713383493512,-1.4775701447424814,1.6196424272185943,-0.006305433110325331
-1.2629823128553799,-1.4049948098347445,-1.5540713383493512,-1.4775701447424814,1.6196424272185943,-0.006305433110325331
-1.2629823128553799,-1.4049948098347445,-1.5540713383493512,-1.4775701447424814,1.6196424272185943,-0.006305433110325331
-1.2629823128553799,-1.4049948098347445,-1.5540713383493512,-1.4775701447424814,1.6196424272185943,-0.006305433110325331
-1.2629823128553799,-1.4049948098347445,-1.5540713383493512,-1.4775701447424814,1.6196424272185943,-0.006305433110325331
-1.2629823128553799,-1.4049948098347445,-1.5540713383493512,-1.4775701447424814,1.6196424272185943,-0.006305433110325331
-1.2629823128553799,-1.4049948098347445,-1.5540713383493512,-1.4775701447424814,1.6196424272185943,-0.006305433110325331
-1.2629823128553799,-1.4049948098347445,-1.5540713383493512,-1.4775701447424814,1.6196424272185943,-0.006305433110325331
-1.2629823128553799,-1.4049948098347445,-1.5540713383493512,-1.4775701447424814,1.6196424272185943,-0.006305433110325331
-1.2629823128553799,-1.4049948098347445,-1.5540713383493512,-1.4775701447424814,1.6196424272185943,-0.006305433110325331
-1.2629823128553799,-1.4049948098347445,-1.5540713383493512,-1.4775701447424814,1.6196424272185943,-0.006305433110325331
-1.2629823128553799,-1.4049948098347445,-1.5540713383493512,-1.4775701447424814,1.6196424272185943,-0.006305433110325331
-1.2629823128553799,-1.4049948098347445,-1.5540713383493512,-1.4775701447424814,1.6196424272185943,-0.006305433110325331
-1.2629823128553799,-1.4049948098347445,-1.5540713383493512,-1.4775701447424814,1.6196424272185943,-0.006305433110325331
-1.2629823128553799,-1.4049948098347445,-1.5540713383493512,-1.4775701447424814,1.6196424272185943,-0.006305433110325331
-1.2629823128553799,-1.4049948098347445,-1.5540713383493512,-1.4775701447424814,1.6196424272185943,-0.006305433110325331
-1.2629823128553799,-1.4049948098347445,-1.5540713383493512,-1.4775701447424814,1.6196424272185943,-0.006305433110325331
-1.2629823128553799,-1.4049948098347445,-1.5540713383493512,-1.4775701447424814,1.6196424272185943,-0.006305433110325331
-1.2629823128553799,-1.4049948098347445,-1.5540713383493512,-1.4775701447424814,1.6196424272185943,-0.006305433110325331
-1.2629823128553799,-1.4049948098347445,-1.5540713383493512,-1.4775701447424814,1.6196424272185943,-0.006305433110325331
-1.2629823128553799,-1.4049948098347445,-1.5540713383493512,-1.4775701447424814,1.6196424272185943,-0.006305433110325331
-1.2629823128553799,-1.4049948098347445,-1.5540713383493512,-1.4775701447424814,1.6196424272185943,-0.006305433110325331
-1.2629823128553799,-1.4049948098347445,-1.5540713383493512,-1.4775701447424814,1.6196424272185943,-0.006305433110325331
-1.2629823128553799,-1.4049948098347445,-1.5540713383493512,-1.4775701447424814,1.6196424272185943,-0.006305433110325331
-1.2629823128553799,-1.4049948098347445,-1.5540713383493512,-1.4775701447424814,1.6196424272185943,-0.006305433110325331
-1.2600714226004401,-1.404269056485667,-1.5511604480944114,-1.476844391393404,1.6196424272185943,-0.006305433110325331
-1.2600714226004401,-1.404269056485667,-1.5511604480944114,-1.476844391393404,1.6196424272185943,-0.006305433110325331
-1.2571605323455004,-1.4035433031365896,-1.5482495578394717,-1.4761186380443265,1.6196424272185943,-0.006305433110325331
-1.2571605323455004,-1.4035433031365896,-1.5482495578394717,-1.4761186380443265,1.6196424272185943,-0.006305433110325331
-1.2542496420905607,-1.4028175497875122,-1.545338667584532,-1.475392884695249,1.6196424272185943,-0.006305433110325331
-1.2542496420905607,-1.4028175497875122,-1.545338667584532,-1.475392884695249,1.6196424272185943,-0.006305433110325331
-1.251338751835621,-1.4020917964384347,-1.5424277773295922,-1.4746671313461717,1.6196424272185943,-0.006305433110325331
-1.2484278615806812,-1.4013660430893573,-1.5395168870746525,-1.4739413779970942,1.6196424272185943,-0.006305433110325331
-1.2484278615806812,-1.4013660430893573,-1.5395168870746525,-1.4739413779970942,1.6196424272185943,-0.006305433110325331
-1.2484278615806812,-1.4013660430893573,-1.5395168870746525,-1.4739413779970942,1.6196424272185943,-0.006305433110325331
-1.2455169713257415,-1.4006402897402799,-1.5366059968197128,-1.4732156246480168,1.6196424272185943,-0.006305433110325331
-1.2426060810708017,-1.3999145363912024,-1.533695106564773,-1.4724898712989394,1.6196424272185943,-0.006305433110325331
-1.2426060810708017,-1.3999145363912024,-1.533695106564773,-1.4724898712989394,1.6196424272185943,-0.006305433110325331
-1.239695190815862,-1.399188783042125,-1.5307842163098333,-1.471764117949862,1.6196424272185943,-0.006305433110325331
-1.239695190815862,-1.399188783042125,-1.5307842163098333,-1.471764117949862,1.6196424272185943,-0.006305433110325331
-1.2367843005609223,-1.3984630296930476,-1.5278733260548936,-1.4710383646007845,1.6196424272185943,-0.006305433110325331
-1.2367843005609223,-1.3984630296930476,-1.5278733260548936,-1.4710383646007845,1.6196424272185943,-0.006305433110325331
-1.2367843005609223,-1.3984630296930476,-1.5278733260548936,-1.4710383646007845,1.6196424272185943,-0.006305433110325331
-1.2338734103059825,-1.3977372763439702,-1.5249624357999538,-1.470312611251707,1.6196424272185943,-0.006305433110325331
-1.2309625200510428,-1.3970115229948927,-1.522051545545014,-1.4695868579026297,1.6196424272185943,-0.006305433110325331
-1.2309625200510428,-1.3970115229948927,-1.522051545545014,-1.4695868579026297,1.6196424272185943,-0.006305433110325331
-1.2309625200510428,-1.3970115229948927,-1.522051545545014,-1.4695868579026297,1.6196424272185943,-0.006305433110325331
-1.228051629796103,-1.3962857696458153,-1.5191406552900744,-1.4688611045535522,1.6196424272185943,-0.006305433110325331
-1.2251407395411633,-1.3955600162967379,-1.5162297650351346,-1.4681353512044748,1.6196424272185943,-0.006305433110325331
-1.2251407395411633,-1.3955600162967379,-1.5162297650351346,-1.4681353512044748,1.6196424272185943,-0.006305433110325331
-1.2222298492862236,-1.3948342629476604,-1.513318874780195,-1.4674095978553974,1.6196424272185943,-0.006305433110325331
-1.2193189590312838,-1.394108509598583,-1.513318874780195,-1.4674095978553974,1.6196424272185943,-0.006305433110325331
-1.2193189590312838,-1.394108509598583,-1.5104079845252552,-1.46668384450632,1.6196424272185943,-0.006305433110325331
-1.2193189590312838,-1.394108509598583,-1.5104079845252552,-1.46668384450632,1.6196424272185943,-0.006305433110325331
-1.216408068776344,-1.3933827562495056,-1.5074970942703154,-1.4659580911572425,1.6196424272185943,-0.006305433110325331
-1.2134971785214044,-1.3926570029004282,-1.5045862040153757,-1.465232337808165,1.6196424272185943,-0.006305433110325331
-1.2134971785214044,-1.3926570029004282,-1.5045862040153757,-1.465232337808165,1.6196424272185943,-0.006305433110325331
-1.2105862882664646,-1.3919312495513507,-1.501675313760436,-1.4645065844590877,1.6196424272185943,-0.006305433110325331
-1.207675398011525,-1.3912054962022733,-1.4987644235054962,-1.4637808311100102,1.6196424272185943,-0.006305433110325331
-1.207675398011525,-1.3912054962022733,-1.4987644235054962,-1.4637808311100102,1.6196424272185943,-0.006305433110325331
-1.207675398011525,-1.3912054962022733,-1.4987644235054962,-1.4637808311100102,1.6196424272185943,-0.006305433110325331
-1.2047645077565852,-1.3904797428531959,-1.4958535332505565,-1.4630550777609328,1.6196424272185943,-0.006305433110325331
-1.2018536175016454,-1.3897539895041184,-1.4929426429956167,-1.4623293244118554,1.6196424272185943,-0.006305433110325331
-1.2018536175016454,-1.3897539895041184,-1.4929426429956167,-1.4623293244118554,1.6196424272185943,-0.006305433110325331
-1.1989427272467057,-1.389028236155041,-1.4929426429956167,-1.4623293244118554,1.6196424272185943,-0.006305433110325331
-1.1989427272467057,-1.389028236155041,-1.490031752740677,-1.461603571062778,1.6196424272185943,-0.006305433110325331
-1.1852044324551283,-1.3856029564013026,-1.4792635679872643,-1.4450102355015346,1.6196424272185943,-0.006305433110325331
-1.1852044324551283,-1.3856029564013026,-1.4792635679872643,-1.4450102355015346,1.6196424272185943,-0.006305433110325331
-1.1852044324551283,-1.3856029564013026,-1.4792635679872643,-1.4450102355015346,1.6196424272185943,-0.006305433110325331
-1.171466137663551,-1.3821776766475642,-1.4679000139631366,-1.4282966204993246,1.6196424272185943,-0.006305433110325331
-1.1598055520817372,-1.3803635321292675,-1.4580139918394426,-1.4131007656299004,1.6196424272185943,-0.006305433110325331
-1.1598055520817372,-1.3803635321292675,-1.4580139918394426,-1.4131007656299004,1.6196424272185943,-0.006305433110325331
-1.1598055520817372,-1.3803635321292675,-1.4580139918394426,-1.4131007656299004,1.6196424272185943,-0.006305433110325331
-1.1481449664999235,-1.378549387610971,-1.4475241995217762,-1.397838629048809,1.6196424272185943,-0.006305433110325331
-1.138623378430131,-1.3779359041395356,-1.4385672640658538,-1.3837380993917177,1.6196424272185943,-0.006305433110325331
-1.138623378430131,-1.3779359041395356,-1.4385672640658538,-1.3837380993917177,1.6196424272185943,-0.006305433110325331
-1.138623378430131,-1.3779359041395356,-1.4385672640658538,-1.3837380993917177,1.6196424272185943,-0.006305433110325331
-1.1291017903603384,-1.3773224206681003,-1.4290030447310502,-1.3696258222718258,1.6196424272185943,-0.006305433110325331
-1.121704336415834,-1.3775122672637248,-1.4209557619563988,-1.356332458200852,1.6196424272185943,-0.006305433110325331
-1.121704336415834,-1.3775122672637248,-1.4209557619563988,-1.356332458200852,1.6196424272185943,-0.006305433110325331
-1.121704336415834,-1.3775122672637248,-1.4209557619563988,-1.356332458200852,1.6196424272185943,-0.006305433110325331
-1.1143068824713294,-1.3777021138593493,-1.4123025972979484,-1.343081976006181,1.6196424272185943,-0.006305433110325331
-1.1143068824713294,-1.3777021138593493,-1.4123025972979484,-1.343081976006181,1.6196424272185943,-0.006305433110325331
-1.1089506501751296,-1.3783243828761234,-1.4050873147891285,-1.3303340101822603,1.6196424272185943,-0.006305433110325331
-1.1089506501751296,-1.3783243828761234,-1.4050873147891285,-1.3303340101822603,1.6196424272185943,-0.006305433110325331
-1.1089506501751296,-1.3783243828761234,-1.4050873147891285,-1.3303340101822603,1.6196424272185943,-0.006305433110325331
-1.1035944178789299,-1.3789466518928974,-1.397272456723086,-1.3176832084649417,1.6196424272185943,-0.006305433110325331
-1.1035944178789299,-1.3789466518928974,-1.397272456723086,-1.3176832084649417,1.6196424272185943,-0.006305433110325331
-1.1001373241565036,-1.379667827594433,-1.390762139550676,-1.3052553509718718,1.6196424272185943,-0.006305433110325331
-1.1001373241565036,-1.379667827594433,-1.390762139550676,-1.3052553509718718,1.6196424272185943,-0.006305433110325331
-1.0966802304340773,-1.3803890032959685,-1.390762139550676,-1.3052553509718718,1.6196424272185943,-0.006305433110325331
-1.0966802304340773,-1.3803890032959685,-1.383663406432338,-1.2929781533175404,1.6196424272185943,-0.006305433110325331
-1.094930312401446,-1.3809220025635833,-1.377790158786365,-1.280970477797325,1.6196424272185943,-0.006305433110325331
-1.094930312401446,-1.3809220025635833,-1.377790158786365,-1.280970477797325,1.6196424272185943,-0.006305433110325331
-1.0931803943688148,-1.3814550018311982,-1.3713691990244277,-1.2691563421585148,1.6196424272185943,-0.006305433110325331
-1.0931803943688148,-1.3814550018311982,-1.3713691990244277,-1.2691563421585148,1.6196424272185943,-0.006305433110325331
-1.0928756009991476,-1.3815780401645816,-1.3660452872116686,-1.2575686754595208,1.6196424272185943,-0.006305433110325331
-1.0928756009991476,-1.3815780401645816,-1.3660452872116686,-1.2575686754595208,1.6196424272185943,-0.006305433110325331
-1.0925708076294804,-1.381701078497965,-1.3602286617784873,-1.2462046832973952,1.6196424272185943,-0.006305433110325331
-1.0925708076294804,-1.381701078497965,-1.3602286617784873,-1.2462046832973952,1.6196424272185943,-0.006305433110325331
-1.0934232444299887,-1.3812695495448082,-1.3553354808169698,-1.2349753923451094,1.6196424272185943,-0.006305433110325331
-1.0934232444299887,-1.3812695495448082,-1.3553354808169698,-1.2349753923451094,1.6196424272185943,-0.006305433110325331
-1.0934232444299887,-1.3812695495448082,-1.3553354808169698,-1.2349753923451094,1.6196424272185943,-0.006305433110325331
-1.094275681230497,-1.3808380205916513,-1.3500069324932606,-1.2239892809487036,1.6196424272185943,-0.006305433110325331
-1.094275681230497,-1.3808380205916513,-1.3500069324932606,-1.2239892809487036,1.6196424272185943,-0.006305433110325331
-1.0960041944492502,-1.3797778642029468,-1.345429548377895,-1.2130835547092804,1.6196424272185943,-0.006305433110325331
-1.0960041944492502,-1.3797778642029468,-1.345429548377895,-1.2130835547092804,1.6196424272185943,-0.006305433110325331
-1.0960041944492502,-1.3797778642029468,-1.345429548377895,-1.2130835547092804,1.6196424272185943,-0.006305433110325331
-1.0977327076680035,-1.3787177078142423,-1.340473316008775,-1.2024310178392126,1.6196424272185943,-0.006305433110325331
-1.1000779523990112,-1.3770145093521609,-1.336106271952114,-1.1918372095313179,1.6196424272185943,-0.006305433110325331
-1.1000779523990112,-1.3770145093521609,-1.336106271952114,-1.1918372095313179,1.6196424272185943,-0.006305433110325331
-1.1000779523990112,-1.3770145093521609,-1.336106271952114,-1.1918372095313179,1.6196424272185943,-0.006305433110325331
-1.102423197130019,-1.3753113108900794,-1.3314137769316274,-1.181498735544404,1.6196424272185943,-0.006305433110325331
-1.105157065651361,-1.3729974248811578,-1.3271646720177788,-1.1712237330493096,1.6196424272185943,-0.006305433110325331
-1.105157065651361,-1.3729974248811578,-1.3271646720177788,-1.1712237330493096,1.6196424272185943,-0.006305433110325331
-1.105157065651361,-1.3729974248811578,-1.3271646720177788,-1.1712237330493096,1.6196424272185943,-0.006305433110325331
-1.107890934172703,-1.3706835388722363,-1.3226389424351541,-1.161200143474629,1.6196424272185943,-0.006305433110325331
-1.11082104307911,-1.3678252624785912,-1.3184300150512356,-1.1512646133368851,1.6196424272185943,-0.006305433110325331
-1.11082104307911,-1.3678252624785912,-1.3184300150512356,-1.1512646133368851,1.6196424272185943,-0.006305433110325331
-1.11082104307911,-1.3678252624785912,-1.3184300150512356,-1.1512646133368851,1.6196424272185943,-0.006305433110325331
-1.1137511519855168,-1.364966986084946,-1.3139879811770465,-1.1415722407677784,1.6196424272185943,-0.006305433110325331
-1.1137511519855168,-1.364966986084946,-1.3139879811770465,-1.1415722407677784,1.6196424272185943,-0.006305433110325331
-1.1167215214435189,-1.361653085583987,-1.3097561284447072,-1.1320063122561286,1.6196424272185943,-0.006305433110325331
-1.1167215214435189,-1.361653085583987,-1.3097561284447072,-1.1320063122561286,1.6196424272185943,-0.006305433110325331
-1.1167215214435189,-1.361653085583987,-1.3097561284447072,-1.1320063122561286,1.6196424272185943,-0.006305433110325331
-1.119691890901521,-1.358339185083028,-1.3053291823725683,-1.1226724797229084,1.6196424272185943,-0.006305433110325331
-1.119691890901521,-1.358339185083028,-1.3053291823725683,-1.1226724797229084,1.6196424272185943,-0.006305433110325331
-1.1225810267237617,-1.3546714246068332,-1.3010248948045504,-1.1135121702864441,1.6196424272185943,-0.006305433110325331
-1.1225810267237617,-1.3546714246068332,-1.3010248948045504,-1.1135121702864441,1.6196424272185943,-0.006305433110325331
-1.1254701625460024,-1.3510036641306384,-1.3010248948045504,-1.1135121702864441,1.6196424272185943,-0.006305433110325331
-1.1254701625460024,-1.3510036641306384,-1.2965581966805553,-1.1045713517688582,1.6196424272185943,-0.006305433110325331
-1.128187611563461,-1.3470894965005928,-1.2921438395625982,-1.095855829767221,1.6196424272185943,-0.006305433110325331
-1.128187611563461,-1.3470894965005928,-1.2921438395625982,-1.095855829767221,1.6196424272185943,-0.006305433110325331
-1.128187611563461,-1.3470894965005928,-1.2921438395625982,-1.095855829767221,1.6196424272185943,-0.006305433110325331
-1.1309050605809197,-1.3431753288705472,-1.2875948276310571,-1.0873466422426132,1.6196424272185943,-0.006305433110325331
-1.1309050605809197,-1.3431753288705472,-1.2875948276310571,-1.0873466422426132,1.6196424272185943,-0.006305433110325331
-1.1333872744764313,-1.3391225975864733,-1.2830426080463901,-1.0791162877898373,1.6196424272185943,-0.006305433110325331
-1.1333872744764313,-1.3391225975864733,-1.2830426080463901,-1.0791162877898373,1.6196424272185943,-0.006305433110325331
-1.135869488371943,-1.3350698663023994,-1.2783790851512862,-1.071079308089063,1.6196424272185943,-0.006305433110325331
-1.135869488371943,-1.3350698663023994,-1.2783790851512862,-1.071079308089063,1.6196424272185943,-0.006305433110325331
-1.1380755839635144,-1.3309832053346284,-1.2736689419336402,-1.0633744587018152,1.6196424272185943,-0.006305433110325331
-1.1380755839635144,-1.3309832053346284,-1.2736689419336402,-1.0633744587018152,1.6196424272185943,-0.006305433110325331
-1.1380755839635144,-1.3309832053346284,-1.2736689419336402,-1.0633744587018152,1.6196424272185943,-0.006305433110325331
-1.1402816795550859,-1.3268965443668574,-1.2688670085712919,-1.0558507674918174,1.6196424272185943,-0.006305433110325331
-1.1402816795550859,-1.3268965443668574,-1.2688670085712919,-1.0558507674918174,1.6196424272185943,-0.006305433110325331
-1.1421894691475956,-1.3228751033815431,-1.2639845717329867,-1.0487110047358341,1.6196424272185943,-0.006305433110325331
-1.1421894691475956,-1.3228751033815431,-1.2639845717329867,-1.0487110047358341,1.6196424272185943,-0.006305433110325331
-1.1421894691475956,-1.3228751033815431,-1.2639845717329867,-1.0487110047358341,1.6196424272185943,-0.006305433110325331
-1.1421894691475956,-1.3228751033815431,-1.2639845717329867,-1.0487110047358341,1.6196424272185943,-0.006305433110325331
-1.1440972587401053,-1.3188536623962288,-1.2590265798364622,-1.0417413184771416,1.6196424272185943,-0.006305433110325331
-1.1440972587401053,-1.3188536623962288,-1.2590265798364622,-1.0417413184771416,1.6196424272185943,-0.006305433110325331
-1.1456997589386957,-1.3149897869123575,-1.253961274006179,-1.0352051476712207,1.6196424272185943,-0.006305433110325331
-1.1456997589386957,-1.3149897869123575,-1.253961274006179,-1.0352051476712207,1.6196424272185943,-0.006305433110325331
-1.1456997589386957,-1.3149897869123575,-1.253961274006179,-1.0352051476712207,1.6196424272185943,-0.006305433110325331
-1.1473022591372861,-1.3111259114284861,-1.248833897278835,-1.0288293892106353,1.6196424272185943,-0.006305433110325331
-1.1473022591372861,-1.3111259114284861,-1.248833897278835,-1.0288293892106353,1.6196424272185943,-0.006305433110325331
-1.1486047697954218,-1.307504437022343,-1.243577210736806,-1.022934172480112,1.6196424272185943,-0.006305433110325331
-1.1486047697954218,-1.307504437022343,-1.243577210736806,-1.022934172480112,1.6196424272185943,-0.006305433110325331
-1.1499072804535575,-1.3038829626161998,-1.2382696685926262,-1.0171913367141505,1.6196424272185943,-0.006305433110325331
-1.1499072804535575,-1.3038829626161998,-1.2382696685926262,-1.0171913367141505,1.6196424272185943,-0.006305433110325331
-1.1509250482717366,-1.3005808165704718,-1.2328135721277678,-1.0119733501724588,1.6196424272185943,-0.006305433110325331
-1.1509250482717366,-1.3005808165704718,-1.2328135721277678,-1.0119733501724588,1.6196424272185943,-0.006305433110325331
-1.1509250482717366,-1.3005808165704718,-1.2328135721277678,-1.0119733501724588,1.6196424272185943,-0.006305433110325331
-1.1519428160899157,-1.2972786705247437,-1.227316002434272,-1.0069015316513488,1.6196424272185943,-0.006305433110325331
-1.1519428160899157,-1.2972786705247437,-1.227316002434272,-1.0069015316513488,1.6196424272185943,-0.006305433110325331
-1.1526992477596343,-1.2943644980629,-1.2216514754641106,-1.0023960232328424,1.6196424272185943,-0.006305433110325331
-1.1526992477596343,-1.2943644980629,-1.2216514754641106,-1.0023960232328424,1.6196424272185943,-0.006305433110325331
-1.1526992477596343,-1.2943644980629,-1.2216514754641106,-1.0023960232328424,1.6196424272185943,-0.006305433110325331
-1.153455679429353,-1.2914503256010565,-1.2159534215764771,-0.9980324798136683,1.6196424272185943,-0.006305433110325331
-1.153455679429353,-1.2914503256010565,-1.2159534215764771,-0.9980324798136683,1.6196424272185943,-0.006305433110325331
-1.1539810342558594,-1.2889838607949415,-1.210069021305965,-0.9942736001851908,1.6196424272185943,-0.006305433110325331
-1.1539810342558594,-1.2889838607949415,-1.210069021305965,-0.9942736001851908,1.6196424272185943,-0.006305433110325331
-1.154506389082366,-1.2865173959888265,-1.2041579759408405,-0.990654725274126,1.6196424272185943,-0.006305433110325331
-1.154506389082366,-1.2865173959888265,-1.2041579759408405,-0.990654725274126,1.6196424272185943,-0.006305433110325331
-1.1548368469608596,-1.2845482716027614,-1.1980383630058473,-0.9876751859054981,1.6196424272185943,-0.006305433110325331
-1.1548368469608596,-1.2845482716027614,-1.1980383630058473,-0.9876751859054981,1.6196424272185943,-0.006305433110325331
-1.1548368469608596,-1.2845482716027614,-1.1980383630058473,-0.9876751859054981,1.6196424272185943,-0.006305433110325331
-1.1551673048393534,-1.2825791472166963,-1.1918982896639199,-0.9848362467911489,1.6196424272185943,-0.006305433110325331
-1.1553442557664935,-1.281144775594718,-1.1855225940114464,-0.9826665219466957,1.6196424272185943,-0.006305433110325331
-1.1553442557664935,-1.281144775594718,-1.1855225940114464,-0.9826665219466957,1.6196424272185943,-0.006305433110325331
-1.1553442557664935,-1.281144775594718,-1.1855225940114464,-0.9826665219466957,1.6196424272185943,-0.006305433110325331
-1.1555212066936336,-1.2797104039727398,-1.179132319565384,-0.9806409883700115,1.6196424272185943,-0.006305433110325331
-1.1555212066936336,-1.2797104039727398,-1.179132319565384,-0.9806409883700115,1.6196424272185943,-0.006305433110325331
-1.1555905195471752,-1.2788324549021042,-1.172472184395413,-0.9793078158622552,1.6196424272185943,-0.006305433110325331
-1.1555905195471752,-1.2788324549021042,-1.172472184395413,-0.9793078158622552,1.6196424272185943,-0.006305433110325331
-1.1555905195471752,-1.2788324549021042,-1.172472184395413,-0.9793078158622552,1.6196424272185943,-0.006305433110325331
-1.1556598324007168,-1.2779545058314685,-1.1658035159754543,-0.9781260454019496,1.6196424272185943,-0.006305433110325331
-1.1556598324007168,-1.2779545058314685,-1.1658035159754543,-0.9781260454019496,1.6196424272185943,-0.006305433110325331
-1.1556706975794373,-1.277633351313578,-1.1588205823441973,-0.9776498880594034,1.6196424272185943,-0.006305433110325331
-1.1556706975794373,-1.277633351313578,-1.1588205823441973,-0.9776498880594034,1.6196424272185943,-0.006305433110325331
-1.1556706975794373,-1.277633351313578,-1.1588205823441973,-0.9776498880594034,1.6196424272185943,-0.006305433110325331
-1.1556815627581578,-1.2773121967956875,-1.1518359359719308,-0.9773368458839484,1.6196424272185943,-0.006305433110325331
-1.1556842074024958,-1.2775184903747054,-1.1444784059783988,-0.977727846734108,1.6196424272185943,-0.006305433110325331
-1.1556842074024958,-1.2775184903747054,-1.1444784059783988,-0.977727846734108,1.6196424272185943,-0.006305433110325331
-1.1556842074024958,-1.2775184903747054,-1.1444784059783988,-0.977727846734108,1.6196424272185943,-0.006305433110325331
-1.1556868520468337,-1.2777247839537234,-1.1371276251503493,-0.9782994091155096,1.6196424272185943,-0.006305433110325331
-1.155727905880312,-1.278387126170149,-1.1293253368090368,-0.9795512107475938,1.6196424272185943,-0.006305433110325331
-1.155727905880312,-1.278387126170149,-1.1293253368090368,-0.9795512107475938,1.6196424272185943,-0.006305433110325331
-1.155727905880312,-1.278387126170149,-1.1293253368090368,-0.9795512107475938,1.6196424272185943,-0.006305433110325331
-1.1557689597137903,-1.2790494683865745,-1.1215411974408254,-0.9810084304575917,1.6196424272185943,-0.006305433110325331
-1.1558823686966122,-1.2800369863750751,-1.1131983162771777,-0.9830890588371733,1.6196424272185943,-0.006305433110325331
-1.1558823686966122,-1.2800369863750751,-1.1131983162771777,-0.9830890588371733,1.6196424272185943,-0.006305433110325331
-1.1558823686966122,-1.2800369863750751,-1.1131983162771777,-0.9830890588371733,1.6196424272185943,-0.006305433110325331
-1.155995777679434,-1.2810245043635757,-1.1048899161131545,-0.9854095674717328,1.6196424272185943,-0.006305433110325331
-1.155995777679434,-1.2810245043635757,-1.1048899161131545,-0.9854095674717328,1.6196424272185943,-0.006305433110325331
-1.1561857573702472,-1.2821234161633037,-1.0958738489189797,-0.9882484874964201,1.6196424272185943,-0.006305433110325331
-1.1561857573702472,-1.2821234161633037,-1.0958738489189797,-0.9882484874964201,1.6196424272185943,-0.006305433110325331
-1.1561857573702472,-1.2821234161633037,-1.0958738489189797,-0.9882484874964201,1.6196424272185943,-0.006305433110325331
-1.1563757370610603,-1.2832223279630317,-1.0869166052210466,-0.9913740300340708,1.6196424272185943,-0.006305433110325331
-1.1563757370610603,-1.2832223279630317,-1.0869166052210466,-0.9913740300340708,1.6196424272185943,-0.006305433110325331
-1.1565862346325215,-1.284106781256958,-1.0770410549327218,-0.9948446779898232,1.6196424272185943,-0.006305433110325331
-1.1565862346325215,-1.284106781256958,-1.0770410549327218,-0.9948446779898232,1.6196424272185943,-0.006305433110325331
-1.1567967322039827,-1.2849912345508843,-1.0770410549327218,-0.9948446779898232,1.6196424272185943,-0.006305433110325331
-1.1567967322039827,-1.2849912345508843,-1.067261327211013,-0.9986637799595635,1.6196424272185943,-0.006305433110325331
-1.1568595397082329,-1.2851920882000365,-1.056260674153932,-1.002561820448708,1.6196424272185943,-0.006305433110325331
-1.1568595397082329,-1.2851920882000365,-1.056260674153932,-1.002561820448708,1.6196424272185943,-0.006305433110325331
-1.156922347212483,-1.2853929418491887,-1.0454121146775062,-1.0068871644584936,1.6196424272185943,-0.006305433110325331
-1.156922347212483,-1.2853929418491887,-1.0454121146775062,-1.0068871644584936,1.6196424272185943,-0.006305433110325331
-1.156474953114069,-1.2842755390929912,-1.0329041321369696,-1.0109071938094787,1.6196424272185943,-0.006305433110325331
-1.156474953114069,-1.2842755390929912,-1.0329041321369696,-1.0109071938094787,1.6196424272185943,-0.006305433110325331
-1.156027559015655,-1.2831581363367937,-1.020632102590109,-1.0154492078728403,1.6196424272185943,-0.006305433110325331
-1.156027559015655,-1.2831581363367937,-1.020632102590109,-1.0154492078728403,1.6196424272185943,-0.006305433110325331
-1.1543964804980835,-1.2799331072722493,-1.0070952524769745,-1.0185859277897202,1.6196424272185943,-0.006305433110325331
-1.1543964804980835,-1.2799331072722493,-1.0070952524769745,-1.0185859277897202,1.6196424272185943,-0.006305433110325331
-1.1543964804980835,-1.2799331072722493,-1.0070952524769745,-1.0185859277897202,1.6196424272185943,-0.006305433110325331
-1.152765401980512,-1.276708078207705,-0.993856637018389,-1.0222517864438487,1.6196424272185943,-0.006305433110325331
-1.152765401980512,-1.276708078207705,-0.993856637018389,-1.0222517864438487,1.6196424272185943,-0.006305433110325331
-1.1490673208166473,-1.2707864412242253,-0.9788727548641191,-1.023736224223247,1.6196424272185943,-0.006305433110325331
-1.1490673208166473,-1.2707864412242253,-0.9788727548641191,-1.023736224223247,1.6196424272185943,-0.006305433110325331
-1.1490673208166473,-1.2707864412242253,-0.9788727548641191,-1.023736224223247,1.6196424272185943,-0.006305433110325331
-1.1453692396527826,-1.2648648042407458,-0.9642334585511543,-1.0257208542760792,1.6196424272185943,-0.006305433110325331
-1.1385860605617564,-1.2559093332052598,-0.9468758023744441,-1.0251558350611276,1.6196424272185943,-0.006305433110325331
-1.1385860605617564,-1.2559093332052598,-0.9468758023744441,-1.0251558350611276,1.6196424272185943,-0.006305433110325331
-1.1385860605617564,-1.2559093332052598,-0.9468758023744441,-1.0251558350611276,1.6196424272185943,-0.006305433110325331
-1.1318028814707302,-1.2469538621697738,-0.9299062939639952,-1.0250580128324431,1.6196424272185943,-0.006305433110325331
-1.1217080520953935,-1.2358590697029073,-0.9100339068717442,-1.0232701324464324,1.6196424272185943,-0.006305433110325331
-1.1217080520953935,-1.2358590697029073,-0.9100339068717442,-1.0232701324464324,1.6196424272185943,-0.006305433110325331
-1.1217080520953935,-1.2358590697029073,-0.9100339068717442,-1.0232701324464324,1.6196424272185943,-0.006305433110325331
-1.1116132227200568,-1.2247642772360408,-0.8905900875954291,-1.0219126720176432,1.6196424272185943,-0.006305433110325331
-1.1005620659638253,-1.214621696975121,-0.8706374372641952,-1.02191812898185,1.6196424272185943,-0.006305433110325331
-1.1005620659638253,-1.214621696975121,-0.8706374372641952,-1.02191812898185,1.6196424272185943,-0.006305433110325331
-1.1005620659638253,-1.214621696975121,-0.8706374372641952,-1.02191812898185,1.6196424272185943,-0.006305433110325331
-1.1005620659638253,-1.214621696975121,-0.8706374372641952,-1.02191812898185,1.6196424272185943,-0.006305433110325331
-1.0895109092075939,-1.204479116714201,-0.8511503057418244,-1.0223137448252655,1.6196424272185943,-0.006305433110325331
-1.0895109092075939,-1.204479116714201,-0.8511503057418244,-1.0223137448252655,1.6196424272185943,-0.006305433110325331
-1.0775928790343055,-1.1953708481197542,-0.8312788995776254,-1.0241124949681075,1.6196424272185943,-0.006305433110325331
-1.0775928790343055,-1.1953708481197542,-0.8312788995776254,-1.0241124949681075,1.6196424272185943,-0.006305433110325331
-1.0775928790343055,-1.1953708481197542,-0.8312788995776254,-1.0241124949681075,1.6196424272185943,-0.006305433110325331
-1.065674848861017,-1.1862625795253074,-0.811906195057402,-1.0262579847578415,1.6196424272185943,-0.006305433110325331
-1.065674848861017,-1.1862625795253074,-0.811906195057402,-1.0262579847578415,1.6196424272185943,-0.006305433110325331
-1.0529864161708362,-1.1782623497869342,-0.7922768828325848,-1.0298354680351736,1.6196424272185943,-0.006305433110325331
-1.0529864161708362,-1.1782623497869342,-0.7922768828325848,-1.0298354680351736,1.6196424272185943,-0.006305433110325331
-1.0402979834806554,-1.170262120048561,-0.773175418329455,-1.0337134650312279,1.6196424272185943,-0.006305433110325331
-1.0402979834806554,-1.170262120048561,-0.773175418329455,-1.0337134650312279,1.6196424272185943,-0.006305433110325331
-1.0269418552230953,-1.1634346872976944,-0.7540849495486164,-1.0387386206967446,1.6196424272185943,-0.006305433110325331
-1.0269418552230953,-1.1634346872976944,-0.7540849495486164,-1.0387386206967446,1.6196424272185943,-0.006305433110325331
-1.0135857269655353,-1.1566072545468278,-0.7355200835499476,-1.044003977721172,1.6196424272185943,-0.006305433110325331
-1.0135857269655353,-1.1566072545468278,-0.7355200835499476,-1.044003977721172,1.6196424272185943,-0.006305433110325331
-0.9996824447947559,-1.150977090705545,-0.7181832691149521,-1.0472552796357848,1.6196424272185943,-0.006305433110325331
-0.9996824447947559,-1.150977090705545,-0.7181832691149521,-1.0472552796357848,1.6196424272185943,-0.006305433110325331
-0.9857791626239765,-1.1453469268642622,-0.7011300481400126,-1.050611075026137,1.6196424272185943,-0.006305433110325331
-0.9857791626239765,-1.1453469268642622,-0.7011300481400126,-1.050611075026137,1.6196424272185943,-0.006305433110325331
-0.9753173462787876,-1.141865064343691,-0.691266992765992,-1.0453487617349821,1.6196424272185943,-0.006305433110325331
-0.9753173462787876,-1.141865064343691,-0.691266992765992,-1.0453487617349821,1.6196424272185943,-0.006305433110325331
-0.9753173462787876,-1.141865064343691,-0.691266992765992,-1.0453487617349821,1.6196424272185943,-0.006305433110325331
-0.9648555299335988,-1.1383832018231197,-0.6814150738058952,-1.0400902324401609,1.6196424272185943,-0.006305433110325331
-0.9648555299335988,-1.1383832018231197,-0.6814150738058952,-1.0400902324401609,1.6196424272185943,-0.006305433110325331
-0.9547891711748289,-1.1348923370863375,-0.6719374456583121,-1.0349178334750213,1.6196424272185943,-0.006305433110325331
-0.9547891711748289,-1.1348923370863375,-0.6719374456583121,-1.0349178334750213,1.6196424272185943,-0.006305433110325331
-0.9547891711748289,-1.1348923370863375,-0.6719374456583121,-1.0349178334750213,1.6196424272185943,-0.006305433110325331
-0.9447228124160589,-1.1314014723495553,-0.6624697932545338,-1.029748960456323,1.6196424272185943,-0.006305433110325331
-0.9350437631746706,-1.1279155940725107,-0.6533925905577233,-1.0246072354392497,1.6196424272185943,-0.006305433110325331
-0.9350437631746706,-1.1279155940725107,-0.6533925905577233,-1.0246072354392497,1.6196424272185943,-0.006305433110325331
-0.9350437631746706,-1.1279155940725107,-0.6533925905577233,-1.0246072354392497,1.6196424272185943,-0.006305433110325331
-0.9253647139332823,-1.1244297157954661,-0.6443251018461533,-1.0194690734674199,1.6196424272185943,-0.006305433110325331
-0.9253647139332823,-1.1244297157954661,-0.6443251018461533,-1.0194690734674199,1.6196424272185943,-0.006305433110325331
-0.9160572801613386,-1.1209536427256452,-0.635637206613155,-1.0143488475650553,1.6196424272185943,-0.006305433110325331
-0.9160572801613386,-1.1209536427256452,-0.635637206613155,-1.0143488475650553,1.6196424272185943,-0.006305433110325331
-0.9160572801613386,-1.1209536427256452,-0.635637206613155,-1.0143488475650553,1.6196424272185943,-0.006305433110325331
-0.9067498463893948,-1.1174775696558243,-0.6269589299959971,-1.009232278285979,1.6196424272185943,-0.006305433110325331
-0.8977974975655073,-1.114014091929751,-0.6186489950721437,-1.0041227203134473,1.6196424272185943,-0.006305433110325331
-0.8977974975655073,-1.114014091929751,-0.6186489950721437,-1.0041227203134473,1.6196424272185943,-0.006305433110325331
-0.8977974975655073,-1.114014091929751,-0.6186489950721437,-1.0041227203134473,1.6196424272185943,-0.006305433110325331
-0.8888451487416198,-1.1105506142036776,-0.6103487443551017,-0.9990169746872476,1.6196424272185943,-0.006305433110325331
-0.8888451487416198,-1.1105506142036776,-0.6103487443551017,-0.9990169746872476,1.6196424272185943,-0.006305433110325331
-0.8802303678586437,-1.1071005234650504,-0.6024050881988015,-0.9939054971523613,1.6196424272185943,-0.006305433110325331
-0.8802303678586437,-1.1071005234650504,-0.6024050881988015,-0.9939054971523613,1.6196424272185943,-0.006305433110325331
-0.8802303678586437,-1.1071005234650504,-0.6024050881988015,-0.9939054971523613,1.6196424272185943,-0.006305433110325331
-0.8716155869756677,-1.1036504327264232,-0.5944713430410269,-0.988798057679599,1.6196424272185943,-0.006305433110325331
-0.8716155869756677,-1.1036504327264232,-0.5944713430410269,-0.988798057679599,1.6196424272185943,-0.006305433110325331
-0.8633196686870002,-1.1002124904292252,-0.5868818098548383,-0.9836701796391532,1.6196424272185943,-0.006305433110325331
-0.8633196686870002,-1.1002124904292252,-0.5868818098548383,-0.9836701796391532,1.6196424272185943,-0.006305433110325331
-0.8550237503983327,-1.0967745481320272,-0.5793025812360892,-0.9785466458593168,1.6196424272185943,-0.006305433110325331
-0.8550237503983327,-1.0967745481320272,-0.5793025812360892,-0.9785466458593168,1.6196424272185943,-0.006305433110325331
-0.8470285109924786,-1.0933462281883888,-0.5720545111992257,-0.973390822150561,1.6196424272185943,-0.006305433110325331
-0.8470285109924786,-1.0933462281883888,-0.5720545111992257,-0.973390822150561,1.6196424272185943,-0.006305433110325331
-0.8390332715866244,-1.0899179082447503,-0.564817264540225,-0.9682397200616212,1.6196424272185943,-0.006305433110325331
-0.8390332715866244,-1.0899179082447503,-0.564817264540225,-0.9682397200616212,1.6196424272185943,-0.006305433110325331
-0.8313673084151454,-1.0865162814782052,-0.557897183227565,-0.9631708696061412,1.6196424272185943,-0.006305433110325331
-0.8313673084151454,-1.0865162814782052,-0.557897183227565,-0.9631708696061412,1.6196424272185943,-0.006305433110325331
-0.8237013452436663,-1.0831146547116601,-0.5509872384636273,-0.9581065911190845,1.6196424272185943,-0.006305433110325331
-0.8237013452436663,-1.0831146547116601,-0.5509872384636273,-0.9581065911190845,1.6196424272185943,-0.006305433110325331
-0.816343293505919,-1.079741833956584,-0.5443715013572932,-0.953126889043021,1.6196424272185943,-0.006305433110325331
-0.816343293505919,-1.079741833956584,-0.5443715013572932,-0.953126889043021,1.6196424272185943,-0.006305433110325331
-0.816343293505919,-1.079741833956584,-0.5443715013572932,-0.953126889043021,1.6196424272185943,-0.006305433110325331
-0.8089852417681718,-1.076369013201508,-0.5443715013572932,-0.953126889043021,1.6196424272185943,-0.006305433110325331
-0.8089852417681718,-1.076369013201508,-0.5377652321891698,-0.9481515947125753,1.6196424272185943,-0.006305433110325331
-0.8019128113644207,-1.0730255697357431,-0.5314293677019064,-0.9432615273184869,1.6196424272185943,-0.006305433110325331
-0.8019128113644207,-1.0730255697357431,-0.5314293677019064,-0.9432615273184869,1.6196424272185943,-0.006305433110325331
-0.8019128113644207,-1.0730255697357431,-0.5314293677019064,-0.9432615273184869,1.6196424272185943,-0.006305433110325331
-0.7948403809606697,-1.0696821262699783,-0.5251023227027698,-0.9383756910611213,1.6196424272185943,-0.006305433110325331
-0.7880306271762368,-1.0663671899207703,-0.5190213451223473,-0.9335740945850153,1.6196424272185943,-0.006305433110325331
-0.7880306271762368,-1.0663671899207703,-0.5190213451223473,-0.9335740945850153,1.6196424272185943,-0.006305433110325331
-0.7880306271762368,-1.0663671899207703,-0.5190213451223473,-0.9335740945850153,1.6196424272185943,-0.006305433110325331
-0.781220873391804,-1.0630522535715623,-0.5129485611853186,-0.928776542799338,1.6196424272185943,-0.006305433110325331
-0.7746504398288752,-1.0597636188649553,-0.5070972528578463,-0.9240606633273338,1.6196424272185943,-0.006305433110325331
-0.7746504398288752,-1.0597636188649553,-0.5070972528578463,-0.9240606633273338,1.6196424272185943,-0.006305433110325331
-0.7746504398288752,-1.0597636188649553,-0.5070972528578463,-0.9240606633273338,1.6196424272185943,-0.006305433110325331
-0.7680800062659463,-1.0564749841583483,-0.5012535375968443,-0.9193486350580506,1.6196424272185943,-0.006305433110325331
-0.7617253306264362,-1.0532092156815214,-0.49560669013782,-0.9147142006647684,1.6196424272185943,-0.006305433110325331
-0.7617253306264362,-1.0532092156815214,-0.49560669013782,-0.9147142006647684,1.6196424272185943,-0.006305433110325331
-0.7617253306264362,-1.0532092156815214,-0.49560669013782,-0.9147142006647684,1.6196424272185943,-0.006305433110325331
-0.7553706549869261,-1.0499434472046945,-0.4899668630870089,-0.9100834198732749,1.6196424272185943,-0.006305433110325331
-0.7553706549869261,-1.0499434472046945,-0.4899668630870089,-0.9100834198732749,1.6196424272185943,-0.006305433110325331
-0.7553706549869261,-1.0499434472046945,-0.4899668630870089,-0.9100834198732749,1.6196424272185943,-0.006305433110325331
-0.7492081306746857,-1.0466959773303173,-0.484499470261728,-0.9055247157280442,1.6196424272185943,-0.006305433110325331
-0.7492081306746857,-1.0466959773303173,-0.484499470261728,-0.9055247157280442,1.6196424272185943,-0.006305433110325331
-0.7492081306746857,-1.0466959773303173,-0.484499470261728,-0.9055247157280442,1.6196424272185943,-0.006305433110325331
-0.7430456063624453,-1.04344850745594,-0.4790385555723668,-0.9009694664248997,1.6196424272185943,-0.006305433110325331
-0.7370516951043405,-1.040213719879153,-0.47372595317761623,-0.8964794037304331,1.6196424272185943,-0.006305433110325331
-0.7370516951043405,-1.040213719879153,-0.47372595317761623,-0.8964794037304331,1.6196424272185943,-0.006305433110325331
-0.7370516951043405,-1.040213719879153,-0.47372595317761623,-0.8964794037304331,1.6196424272185943,-0.006305433110325331
-0.7310577838462358,-1.036978932302366,-0.46841931919945723,-0.8919925988499234,1.6196424272185943,-0.006305433110325331
-0.7252090763806521,-1.033750225296287,-0.46323726955297523,-0.8875627688321897,1.6196424272185943,-0.006305433110325331
-0.7252090763806521,-1.033750225296287,-0.46323726955297523,-0.8875627688321897,1.6196424272185943,-0.006305433110325331
-0.7252090763806521,-1.033750225296287,-0.46323726955297523,-0.8875627688321897,1.6196424272185943,-0.006305433110325331
-0.7193603689150685,-1.0305215182902079,-0.45806071295793443,-0.8831360040878842,1.6196424272185943,-0.006305433110325331
-0.713633592082816,-1.027291342019781,-0.4529854332860853,-0.8787567086312197,1.6196424272185943,-0.006305433110325331
-0.713633592082816,-1.027291342019781,-0.4529854332860853,-0.8787567086312197,1.6196424272185943,-0.006305433110325331
-0.713633592082816,-1.027291342019781,-0.4529854332860853,-0.8787567086312197,1.6196424272185943,-0.006305433110325331
-0.7079068152505634,-1.024061165749354,-0.44791520707074267,-0.8743802929697281,1.6196424272185943,-0.006305433110325331
-0.7079068152505634,-1.024061165749354,-0.44791520707074267,-0.8743802929697281,1.6196424272185943,-0.006305433110325331
-0.7022787844309338,-1.0208210282271837,-0.44292334207841777,-0.8700405436738745,1.6196424272185943,-0.006305433110325331
-0.7022787844309338,-1.0208210282271837,-0.44292334207841777,-0.8700405436738745,1.6196424272185943,-0.006305433110325331
-0.7022787844309338,-1.0208210282271837,-0.44292334207841777,-0.8700405436738745,1.6196424272185943,-0.006305433110325331
-0.6966507536113042,-1.0175808907050135,-0.437936127770115,-0.865703498128457,1.6196424272185943,-0.006305433110325331
-0.6966507536113042,-1.0175808907050135,-0.437936127770115,-0.865703498128457,1.6196424272185943,-0.006305433110325331
-0.6910982693074844,-1.0143213268684328,-0.43300466693972184,-0.8613909753458157,1.6196424272185943,-0.006305433110325331
-0.6910982693074844,-1.0143213268684328,-0.43300466693972184,-0.8613909753458157,1.6196424272185943,-0.006305433110325331
-0.6855457850036646,-1.0110617630318521,-0.4280774915892667,-0.85708099187429,1.6196424272185943,-0.006305433110325331
-0.6855457850036646,-1.0110617630318521,-0.4280774915892667,-0.85708099187429,1.6196424272185943,-0.006305433110325331
-0.6800454714536058,-1.007772260814648,-0.42318363128492686,-0.8527819544559597,1.6196424272185943,-0.006305433110325331
-0.6800454714536058,-1.007772260814648,-0.42318363128492686,-0.8527819544559597,1.6196424272185943,-0.006305433110325331
-0.6745451579035471,-1.0044827585974438,-0.4182937293552879,-0.8484853055189515,1.6196424272185943,-0.006305433110325331
-0.6745451579035471,-1.0044827585974438,-0.4182937293552879,-0.8484853055189515,1.6196424272185943,-0.006305433110325331
-0.6690732398281056,-1.0011516345991935,-0.4134146786143254,-0.8441844403256773,1.6196424272185943,-0.006305433110325331
-0.6690732398281056,-1.0011516345991935,-0.4134146786143254,-0.8441844403256773,1.6196424272185943,-0.006305433110325331
-0.6636013217526642,-0.9978205106009432,-0.4085392976806088,-0.839885828291242,1.6196424272185943,-0.006305433110325331
-0.6636013217526642,-0.9978205106009432,-0.4085392976806088,-0.839885828291242,1.6196424272185943,-0.006305433110325331
-0.6581333326729716,-0.994434725824413,-0.40365202465819744,-0.8355660257255904,1.6196424272185943,-0.006305433110325331
-0.6581333326729716,-0.994434725824413,-0.40365202465819744,-0.8355660257255904,1.6196424272185943,-0.006305433110325331
-0.6581333326729716,-0.994434725824413,-0.40365202465819744,-0.8355660257255904,1.6196424272185943,-0.006305433110325331
-0.652665343593279,-0.9910489410478827,-0.39876817192216213,-0.8312483583912246,1.6196424272185943,-0.006305433110325331
-0.652665343593279,-0.9910489410478827,-0.39876817192216213,-0.8312483583912246,1.6196424272185943,-0.006305433110325331
-0.6471757554119605,-0.9875938439148744,-0.39384908529071194,-0.826890395895611,1.6196424272185943,-0.006305433110325331
-0.6471757554119605,-0.9875938439148744,-0.39384908529071194,-0.826890395895611,1.6196424272185943,-0.006305433110325331
-0.6416653310872409,-0.9840981828042309,-0.38890503921471437,-0.8225053771088189,1.6196424272185943,-0.006305433110325331
-0.6416653310872409,-0.9840981828042309,-0.38890503921471437,-0.8225053771088189,1.6196424272185943,-0.006305433110325331
-0.6361549067625213,-0.9806025216935874,-0.38396411540627157,-0.8181223544265991,1.6196424272185943,-0.006305433110325331
-0.6361549067625213,-0.9806025216935874,-0.38396411540627157,-0.8181223544265991,1.6196424272185943,-0.006305433110325331
-0.6305815165275026,-0.9770117269117478,-0.3789509011460877,-0.813665366674458,1.6196424272185943,-0.006305433110325331
-0.6305815165275026,-0.9770117269117478,-0.3789509011460877,-0.813665366674458,1.6196424272185943,-0.006305433110325331
-0.6250081262924839,-0.9734209321299081,-0.373940661963275,-0.8092103101978863,1.6196424272185943,-0.006305433110325331
-0.6250081262924839,-0.9734209321299081,-0.373940661963275,-0.8092103101978863,1.6196424272185943,-0.006305433110325331
-0.6250081262924839,-0.9734209321299081,-0.373940661963275,-0.8092103101978863,1.6196424272185943,-0.006305433110325331
-0.6193412907245232,-0.9697145395254838,-0.3688313717733494,-0.8046546094786177,1.6196424272185943,-0.006305433110325331
-0.6136744551565624,-0.9660081469210595,-0.3637249546013054,-0.8001008017787254,1.6196424272185943,-0.006305433110325331
-0.6136744551565624,-0.9660081469210595,-0.3637249546013054,-0.8001008017787254,1.6196424272185943,-0.006305433110325331
-0.6078804281581882,-0.9621622835172607,-0.3637249546013054,-0.8001008017787254,1.6196424272185943,-0.006305433110325331
-0.6078804281581882,-0.9621622835172607,-0.3584903184834416,-0.7954152499711797,1.6196424272185943,-0.006305433110325331
-0.602086401159814,-0.958316420113462,-0.3532585032303332,-0.790731584248173,1.6196424272185943,-0.006305433110325331
-0.602086401159814,-0.958316420113462,-0.3532585032303332,-0.790731584248173,1.6196424272185943,-0.006305433110325331
-0.602086401159814,-0.958316420113462,-0.3532585032303332,-0.790731584248173,1.6196424272185943,-0.006305433110325331
-0.5961271376427821,-0.9543028741779381,-0.3478660915947304,-0.7858794404903211,1.6196424272185943,-0.006305433110325331
-0.5961271376427821,-0.9543028741779381,-0.3478660915947304,-0.7858794404903211,1.6196424272185943,-0.006305433110325331
-0.5901678741257502,-0.9502893282424143,-0.3424765061831866,-0.7810292140786174,1.6196424272185943,-0.006305433110325331
-0.5901678741257502,-0.9502893282424143,-0.3424765061831866,-0.7810292140786174,1.6196424272185943,-0.006305433110325331
-0.5839997149675239,-0.9460743112558556,-0.3368897490470761,-0.7759665079580789,1.6196424272185943,-0.006305433110325331
-0.5839997149675239,-0.9460743112558556,-0.3368897490470761,-0.7759665079580789,1.6196424272185943,-0.006305433110325331
-0.5778315558092976,-0.9418592942692969,-0.33130589299618585,-0.7709057989129401,1.6196424272185943,-0.006305433110325331
-0.5778315558092976,-0.9418592942692969,-0.33130589299618585,-0.7709057989129401,1.6196424272185943,-0.006305433110325331
-0.5714035423980165,-0.9374017812123739,-0.3254828741538026,-0.7655791257494832,1.6196424272185943,-0.006305433110325331
-0.5714035423980165,-0.9374017812123739,-0.3254828741538026,-0.7655791257494832,1.6196424272185943,-0.006305433110325331
-0.5649755289867354,-0.932944268155451,-0.31966291964066057,-0.7602545936065074,1.6196424272185943,-0.006305433110325331
-0.5649755289867354,-0.932944268155451,-0.31966291964066057,-0.7602545936065074,1.6196424272185943,-0.006305433110325331
-0.5582272363946618,-0.9281937563305891,-0.3135549053340757,-0.7545981042727712,1.6196424272185943,-0.006305433110325331
-0.5582272363946618,-0.9281937563305891,-0.3135549053340757,-0.7545981042727712,1.6196424272185943,-0.006305433110325331
-0.5514789438025881,-0.9234432445057272,-0.3074502369257761,-0.748943988862527,1.6196424272185943,-0.006305433110325331
-0.5514789438025881,-0.9234432445057272,-0.3074502369257761,-0.748943988862527,1.6196424272185943,-0.006305433110325331
-0.5514789438025881,-0.9234432445057272,-0.3074502369257761,-0.748943988862527,1.6196424272185943,-0.006305433110325331
-0.5443377030889397,-0.9183367092753061,-0.3009999184981762,-0.7428752531361893,1.6196424272185943,-0.006305433110325331
-0.5443377030889397,-0.9183367092753061,-0.3009999184981762,-0.7428752531361893,1.6196424272185943,-0.006305433110325331
-0.5371964623752913,-0.9132301740448849,-0.2945533939862054,-0.7368092530555381,1.6196424272185943,-0.006305433110325331
-0.5371964623752913,-0.9132301740448849,-0.2945533939862054,-0.7368092530555381,1.6196424272185943,-0.006305433110325331
-0.5371964623752913,-0.9132301740448849,-0.2945533939862054,-0.7368092530555381,1.6196424272185943,-0.006305433110325331
-0.5295738494767672,-0.9076879246955383,-0.2876928914797098,-0.7302235559945911,1.6196424272185943,-0.006305433110325331
-0.5219512365782432,-0.9021456753461916,-0.2808368761213156,-0.7236411510857494,1.6196424272185943,-0.006305433110325331
-0.5219512365782432,-0.9021456753461916,-0.2808368761213156,-0.7236411510857494,1.6196424272185943,-0.006305433110325331
-0.5219512365782432,-0.9021456753461916,-0.2808368761213156,-0.7236411510857494,1.6196424272185943,-0.006305433110325331
-0.5137387931491451,-0.8960657458697853,-0.2734857307129839,-0.7164036575204453,1.6196424272185943,-0.006305433110325331
-0.505526349720047,-0.8899858163933789,-0.26614014259530433,-0.7091703197167118,1.6196424272185943,-0.006305433110325331
-0.505526349720047,-0.8899858163933789,-0.26614014259530433,-0.7091703197167118,1.6196424272185943,-0.006305433110325331
-0.505526349720047,-0.8899858163933789,-0.26614014259530433,-0.7091703197167118,1.6196424272185943,-0.006305433110325331
-0.4965908104508669,-0.8832365387702587,-0.25820396895377773,-0.7011055040698494,1.6196424272185943,-0.006305433110325331
-0.48765527118168683,-0.8764872611471384,-0.2502750247162328,-0.6930462117934011,1.6196424272185943,-0.006305433110325331
-0.48765527118168683,-0.8764872611471384,-0.2502750247162328,-0.6930462117934011,1.6196424272185943,-0.006305433110325331
-0.48765527118168683,-0.8764872611471384,-0.2502750247162328,-0.6930462117934011,1.6196424272185943,-0.006305433110325331
-0.4778344433341963,-0.8688979903771787,-0.24164652557311972,-0.6839242962915415,1.6196424272185943,-0.006305433110325331
-0.4778344433341963,-0.8688979903771787,-0.24164652557311972,-0.6839242962915415,1.6196424272185943,-0.006305433110325331
-0.4680136154867057,-0.8613087196072191,-0.2330279217789893,-0.674810130463217,1.6196424272185943,-0.006305433110325331
-0.4680136154867057,-0.8613087196072191,-0.2330279217789893,-0.674810130463217,1.6196424272185943,-0.006305433110325331
-0.4680136154867057,-0.8613087196072191,-0.2330279217789893,-0.674810130463217,1.6196424272185943,-0.006305433110325331
-0.4571162720062812,-0.8526599412392702,-0.22359425182735115,-0.6643318602434947,1.6196424272185943,-0.006305433110325331
-0.44621892852585665,-0.8440111628713214,-0.21417482511188324,-0.6538650767406697,1.6196424272185943,-0.006305433110325331
-0.44621892852585665,-0.8440111628713214,-0.21417482511188324,-0.6538650767406697,1.6196424272185943,-0.006305433110325331
-0.44621892852585665,-0.8440111628713214,-0.21417482511188324,-0.6538650767406697,1.6196424272185943,-0.006305433110325331
-0.434616723355158,-0.8345038585647888,-0.20441945226817873,-0.6421260625900252,1.6196424272185943,-0.006305433110325331
-0.42301451818445934,-0.8249965542582562,-0.19468554229795373,-0.6304049851433032,1.6196424272185943,-0.006305433110325331
-0.42301451818445934,-0.8249965542582562,-0.19468554229795373,-0.6304049851433032,1.6196424272185943,-0.006305433110325331
-0.42301451818445934,-0.8249965542582562,-0.19468554229795373,-0.6304049851433032,1.6196424272185943,-0.006305433110325331
-0.41159806939013405,-0.8152669758025086,-0.18562154718350618,-0.6179484226672359,1.6196424272185943,-0.006305433110325331
-0.40018162059580875,-0.805537397346761,-0.17659011900237637,-0.6055202970398269,1.6196424272185943,-0.006305433110325331
-0.40018162059580875,-0.805537397346761,-0.17659011900237637,-0.6055202970398269,1.6196424272185943,-0.006305433110325331
-0.40018162059580875,-0.805537397346761,-0.17659011900237637,-0.6055202970398269,1.6196424272185943,-0.006305433110325331
-0.38900204551613715,-0.7955365423314142,-0.1683474923877937,-0.5922840683397528,1.6196424272185943,-0.006305433110325331
-0.37782247043646555,-0.7855356873160675,-0.1601516771687872,-0.5790909592210647,1.6196424272185943,-0.006305433110325331
-0.37782247043646555,-0.7855356873160675,-0.1601516771687872,-0.5790909592210647,1.6196424272185943,-0.006305433110325331
-0.37782247043646555,-0.7855356873160675,-0.1601516771687872,-0.5790909592210647,1.6196424272185943,-0.006305433110325331
-0.36693893077308165,-0.7752134509113173,-0.15283890653235765,-0.5650678356343828,1.6196424272185943,-0.006305433110325331
-0.36693893077308165,-0.7752134509113173,-0.15283890653235765,-0.5650678356343828,1.6196424272185943,-0.006305433110325331
-0.35605539110969775,-0.7648912145065672,-0.14558905027610103,-0.5511064644047035,1.6196424272185943,-0.006305433110325331
-0.35605539110969775,-0.7648912145065672,-0.14558905027610103,-0.5511064644047035,1.6196424272185943,-0.006305433110325331
-0.35605539110969775,-0.7648912145065672,-0.14558905027610103,-0.5511064644047035,1.6196424272185943,-0.006305433110325331
-0.35605539110969775,-0.7648912145065672,-0.14558905027610103,-0.5511064644047035,1.6196424272185943,-0.006305433110325331
-0.3455320740680179,-0.754201977001474,-0.13916234926777485,-0.536460073166057,1.6196424272185943,-0.006305433110325331
-0.3455320740680179,-0.754201977001474,-0.13916234926777485,-0.536460073166057,1.6196424272185943,-0.006305433110325331
-0.33500875702633803,-0.7435127394963807,-0.13281003612672035,-0.5218921690013147,1.6196424272185943,-0.006305433110325331
-0.33500875702633803,-0.7435127394963807,-0.13281003612672035,-0.5218921690013147,1.6196424272185943,-0.006305433110325331
-0.32489882098135714,-0.7324317109716274,-0.12574710515223708,-0.5080690712957727,1.6196424272185943,-0.006305433110325331
-0.32489882098135714,-0.7324317109716274,-0.12574710515223708,-0.5080690712957727,1.6196424272185943,-0.006305433110325331
-0.31478888493637625,-0.7213506824468741,-0.11872135620868679,-0.4942878625519898,1.6196424272185943,-0.006305433110325331
-0.31478888493637625,-0.7213506824468741,-0.11872135620868679,-0.4942878625519898,1.6196424272185943,-0.006305433110325331
-0.3049855084999918,-0.7099975414521299,-0.11085789863270204,-0.481273972296668,1.6196424272185943,-0.006305433110325331
-0.3049855084999918,-0.7099975414521299,-0.11085789863270204,-0.481273972296668,1.6196424272185943,-0.006305433110325331
-0.2951821320636073,-0.6986444004573857,-0.10300850748571866,-0.4682766552832909,1.6196424272185943,-0.006305433110325331
-0.2951821320636073,-0.6986444004573857,-0.10300850748571866,-0.4682766552832909,1.6196424272185943,-0.006305433110325331
-0.2855734508347129,-0.687126013198681,-0.09427057726397822,-0.4560346664035674,1.6196424272185943,-0.006305433110325331
-0.2855734508347129,-0.687126013198681,-0.09427057726397822,-0.4560346664035674,1.6196424272185943,-0.006305433110325331
-0.2759647696058185,-0.6756076259399764,-0.08553537163435143,-0.4437959687951628,1.6196424272185943,-0.006305433110325331
-0.2759647696058185,-0.6756076259399764,-0.08553537163435143,-0.4437959687951628,1.6196424272185943,-0.006305433110325331
-0.2759647696058185,-0.6756076259399764,-0.08553537163435143,-0.4437959687951628,1.6196424272185943,-0.006305433110325331
-0.2664432997072452,-0.6640170430827357,-0.07590213246441962,-0.43229724767081673,1.6196424272185943,-0.006305433110325331
-0.25692182980867184,-0.652426460225495,-0.06626893760790181,-0.4207985804366372,1.6196424272185943,-0.006305433110325331
-0.25692182980867184,-0.652426460225495,-0.06626893760790181,-0.4207985804366372,1.6196424272185943,-0.006305433110325331
-0.25692182980867184,-0.652426460225495,-0.06626893760790181,-0.4207985804366372,1.6196424272185943,-0.006305433110325331
-0.24738918519863334,-0.6408450662360521,-0.05574911233456872,-0.4100332760851675,1.6196424272185943,-0.006305433110325331
-0.23785654058859484,-0.6292636722466092,-0.04523278029343156,-0.39927217899142053,1.6196424272185943,-0.006305433110325331
-0.23785654058859484,-0.6292636722466092,-0.04523278029343156,-0.39927217899142053,1.6196424272185943,-0.006305433110325331
-0.23785654058859484,-0.6292636722466092,-0.04523278029343156,-0.39927217899142053,1.6196424272185943,-0.006305433110325331
-0.2282253525738367,-0.6177640975838498,-0.033851946359523016,-0.3892493738642492,1.6196424272185943,-0.006305433110325331
-0.21859416455907854,-0.6062645229210903,-0.02248243383230586,-0.379239878727228,1.6196424272185943,-0.006305433110325331
-0.21859416455907854,-0.6062645229210903,-0.02248243383230586,-0.379239878727228,1.6196424272185943,-0.006305433110325331
-0.21859416455907854,-0.6062645229210903,-0.02248243383230586,-0.379239878727228,1.6196424272185943,-0.006305433110325331
-0.2087885780227399,-0.5949132907113972,-0.010276944389254139,-0.3699841211664831,1.6196424272185943,-0.006305433110325331
-0.19898299148640125,-0.5835620585017041,0.0019061561442529906,-0.3607537319871207,1.6196424272185943,-0.006305433110325331
-0.19898299148640125,-0.5835620585017041,0.0019061561442529906,-0.3607537319871207,1.6196424272185943,-0.006305433110325331
-0.18893853410486855,-0.5724216421759749,0.014891644281242983,-0.35230063368499526,1.6196424272185943,-0.006305433110325331
-0.18893853410486855,-0.5724216421759749,0.014891644281242983,-0.35230063368499526,1.6196424272185943,-0.006305433110325331
-0.17889407672333585,-0.5612812258502458,0.027841187328493194,-0.34388635333154877,1.6196424272185943,-0.006305433110325331
-0.17889407672333585,-0.5612812258502458,0.027841187328493194,-0.34388635333154877,1.6196424272185943,-0.006305433110325331
-0.17889407672333585,-0.5612812258502458,0.027841187328493194,-0.34388635333154877,1.6196424272185943,-0.006305433110325331
-0.1685573135207444,-0.5504114822243109,0.04155437192199424,-0.33627816010836453,1.6196424272185943,-0.006305433110325331
-0.1685573135207444,-0.5504114822243109,0.04155437192199424,-0.33627816010836453,1.6196424272185943,-0.006305433110325331
-0.15822055031815296,-0.5395417385983761,0.05521610732518009,-0.3287224008372432,1.6196424272185943,-0.006305433110325331
-0.15822055031815296,-0.5395417385983761,0.05521610732518009,-0.3287224008372432,1.6196424272185943,-0.006305433110325331
-0.1475487174359863,-0.5290007717103195,0.06959688901825292,-0.32200370507018405,1.6196424272185943,-0.006305433110325331
-0.13687688455381963,-0.5184598048222628,0.08390923110216311,-0.3153502503115432,1.6196424272185943,-0.006305433110325331
-0.13687688455381963,-0.5184598048222628,0.08390923110216311,-0.3153502503115432,1.6196424272185943,-0.006305433110325331
-0.13687688455381963,-0.5184598048222628,0.08390923110216311,-0.3153502503115432,1.6196424272185943,-0.006305433110325331
-0.1258375787710205,-0.5083043270967269,0.09888932531899838,-0.3095637459913184,1.6196424272185943,-0.006305433110325331
-0.11479827298822137,-0.4981488493711909,0.11378298022463029,-0.3038536855619952,1.6196424272185943,-0.006305433110325331
-0.11479827298822137,-0.4981488493711909,0.11378298022463029,-0.3038536855619952,1.6196424272185943,-0.006305433110325331
-0.10336921032757879,-0.4884340911807311,0.12928566079544768,-0.2990358046448494,1.6196424272185943,-0.006305433110325331
-0.10336921032757879,-0.4884340911807311,0.12928566079544768,-0.2990358046448494,1.6196424272185943,-0.006305433110325331
-0.0919401476669362,-0.4787193329902713,0.14468345597505483,-0.29430330819991335,1.6196424272185943,-0.006305433110325331
-0.0919401476669362,-0.4787193329902713,0.14468345597505483,-0.29430330819991335,1.6196424272185943,-0.006305433110325331
-0.0919401476669362,-0.4787193329902713,0.14468345597505483,-0.29430330819991335,1.6196424272185943,-0.006305433110325331
-0.08010896748483665,-0.4694985317507534,0.16062372163660088,-0.29047961546434165,1.6196424272185943,-0.006305433110325331
-0.08010896748483665,-0.4694985317507534,0.16062372163660088,-0.29047961546434165,1.6196424272185943,-0.006305433110325331
-0.06827778730273709,-0.4602777305112355,0.17644091040065368,-0.2867474478676679,1.6196424272185943,-0.006305433110325331
-0.06827778730273709,-0.4602777305112355,0.17644091040065368,-0.2867474478676679,1.6196424272185943,-0.006305433110325331
-0.06827778730273709,-0.4602777305112355,0.17644091040065368,-0.2867474478676679,1.6196424272185943,-0.006305433110325331
-0.06827778730273709,-0.4602777305112355,0.17644091040065368,-0.2867474478676679,1.6196424272185943,-0.006305433110325331
-0.05604185241756755,-0.4516012163790571,0.19272635331361487,-0.2839277843235043,1.6196424272185943,-0.006305433110325331
-0.05604185241756755,-0.4516012163790571,0.19272635331361487,-0.2839277843235043,1.6196424272185943,-0.006305433110325331
-0.043805917532398014,-0.4429247022468787,0.20887165344819333,-0.28120257907460455,1.6196424272185943,-0.006305433110325331
-0.043805917532398014,-0.4429247022468787,0.20887165344819333,-0.28120257907460455,1.6196424272185943,-0.006305433110325331
-0.03117203898336845,-0.434838596088265,0.22540431154355917,-0.27937613647089254,1.6196424272185943,-0.006305433110325331
-0.03117203898336845,-0.434838596088265,0.22540431154355917,-0.27937613647089254,1.6196424272185943,-0.006305433110325331
-0.018538160434338882,-0.42675248992965126,0.24178192947410837,-0.2776436344244938,1.6196424272185943,-0.006305433110325331
-0.018538160434338882,-0.42675248992965126,0.24178192947410837,-0.2776436344244938,1.6196424272185943,-0.006305433110325331
-0.00552215593891652,-0.41929704715439337,0.2579534959393464,-0.2758377119150149,1.6196424272185943,-0.006305433110325331
0.007493848556505842,-0.4118416043791355,0.2740024740617132,-0.2740985372892628,1.6196424272185943,-0.006305433110325331
0.007493848556505842,-0.4118416043791355,0.2740024740617132,-0.2740985372892628,1.6196424272185943,-0.006305433110325331
0.007493848556505842,-0.4118416043791355,0.2740024740617132,-0.2740985372892628,1.6196424272185943,-0.006305433110325331
0.020819279831766208,-0.40495445102464184,0.2897955145808335,-0.2720944301748218,1.6196424272185943,-0.006305433110325331
0.020819279831766208,-0.40495445102464184,0.2897955145808335,-0.2720944301748218,1.6196424272185943,-0.006305433110325331
0.034144711107026576,-0.3980672976701482,0.30549909588769675,-0.27013451117542664,1.6196424272185943,-0.006305433110325331
0.034144711107026576,-0.3980672976701482,0.30549909588769675,-0.27013451117542664,1.6196424272185943,-0.006305433110325331
0.034144711107026576,-0.3980672976701482,0.30549909588769675,-0.27013451117542664,1.6196424272185943,-0.006305433110325331
0.047712430346060083,-0.39167065834541215,0.3210102854780906,-0.2679440145687717,1.6196424272185943,-0.006305433110325331
0.061377323102661606,-0.3854843261565801,0.3364125388489801,-0.26566934337322357,1.6196424272185943,-0.006305433110325331
0.061377323102661606,-0.3854843261565801,0.3364125388489801,-0.26566934337322357,1.6196424272185943,-0.006305433110325331
0.07504221585926313,-0.3792979939677481,0.3517588087600505,-0.26341906053556685,1.6196424272185943,-0.006305433110325331
0.0888780455043025,-0.37350404729613906,0.36697915404474146,-0.260988388703306,1.6196424272185943,-0.006305433110325331
0.0888780455043025,-0.37350404729613906,0.36697915404474146,-0.260988388703306,1.6196424272185943,-0.006305433110325331
0.0888780455043025,-0.37350404729613906,0.36697915404474146,-0.260988388703306,1.6196424272185943,-0.006305433110325331
0.10271387514934188,-0.36771010062453,0.38215862309778303,-0.25857425479909923,1.6196424272185943,-0.006305433110325331
0.11668611254676393,-0.3622533083332585,0.3972432387025441,-0.2560097251707462,1.6196424272185943,-0.006305433110325331
0.11668611254676393,-0.3622533083332585,0.3972432387025441,-0.2560097251707462,1.6196424272185943,-0.006305433110325331
0.130658349944186,-0.3567965160419869,0.4122979202067871,-0.2534565312234409,1.6196424272185943,-0.006305433110325331
0.14474032845731605,-0.35162951680105964,0.42728094656340515,-0.25077913692954346,1.6196424272185943,-0.006305433110325331
0.14474032845731605,-0.35162951680105964,0.42728094656340515,-0.25077913692954346,1.6196424272185943,-0.006305433110325331
0.14474032845731605,-0.35162951680105964,0.42728094656340515,-0.25077913692954346,1.6196424272185943,-0.006305433110325331
0.1588223069704461,-0.34646251756013235,0.4422419660823993,-0.24810959778209898,1.6196424272185943,-0.006305433110325331
0.17299328992604376,-0.3415448715712307,0.4571486789871594,-0.24533824566882206,1.6196424272185943,-0.006305433110325331
0.17299328992604376,-0.3415448715712307,0.4571486789871594,-0.24533824566882206,1.6196424272185943,-0.006305433110325331
0.18716427288164142,-0.33662722558232905,0.4571486789871594,-0.24533824566882206,1.6196424272185943,-0.006305433110325331
0.18716427288164142,-0.33662722558232905,0.4720391385952988,-0.24257239644195122,1.6196424272185943,-0.006305433110325331
0.2014080161673243,-0.33192448412531017,0.48688830616708106,-0.23972359464123427,1.6196424272185943,-0.006305433110325331
0.2014080161673243,-0.33192448412531017,0.48688830616708106,-0.23972359464123427,1.6196424272185943,-0.006305433110325331
0.21565175945300716,-0.3272217426682913,0.5017254086096606,-0.2368786894865668,1.6196424272185943,-0.006305433110325331
0.22995544191083983,-0.3227045900092051,0.5165310223093673,-0.2339665670469646,1.6196424272185943,-0.006305433110325331
0.22995544191083983,-0.3227045900092051,0.5165310223093673,-0.2339665670469646,1.6196424272185943,-0.006305433110325331
0.22995544191083983,-0.3227045900092051,0.5165310223093673,-0.2339665670469646,1.6196424272185943,-0.006305433110325331
0.2442591243686725,-0.3181874373501189,0.5313276309860784,-0.2310572330094176,1.6196424272185943,-0.006305433110325331
0.2586125496995428,-0.31383092713308386,0.5461001697058661,-0.22809372200543876,1.6196424272185943,-0.006305433110325331
0.2586125496995428,-0.31383092713308386,0.5461001697058661,-0.22809372200543876,1.6196424272185943,-0.006305433110325331
0.2729659750304131,-0.3094744169160488,0.560865948943773,-0.2251322268763854,1.6196424272185943,-0.006305433110325331
0.2873609737260811,-0.30525730741406565,0.560865948943773,-0.2251322268763854,1.6196424272185943,-0.006305433110325331
0.2873609737260811,-0.30525730741406565,0.5756133002435107,-0.22212731127976282,1.6196424272185943,-0.006305433110325331
0.2873609737260811,-0.30525730741406565,0.5756133002435107,-0.22212731127976282,1.6196424272185943,-0.006305433110325331
0.3017559724217491,-0.3010401979120825,0.5903555476629312,-0.21912386760725672,1.6196424272185943,-0.006305433110325331
0.3161859511838082,-0.2969443813968412,0.6050836794495481,-0.2160858468881407,1.6196424272185943,-0.006305433110325331
0.3161859511838082,-0.2969443813968412,0.6050836794495481,-0.2160858468881407,1.6196424272185943,-0.006305433110325331
0.3161859511838082,-0.2969443813968412,0.6050836794495481,-0.2160858468881407,1.6196424272185943,-0.006305433110325331
0.3306159299458673,-0.29284856488159994,0.6198079341414291,-0.21304891131497014,1.6196424272185943,-0.006305433110325331
0.3450755301556454,-0.28885858220326843,0.634521385458571,-0.20998465211253495,1.6196424272185943,-0.006305433110325331
0.3450755301556454,-0.28885858220326843,0.634521385458571,-0.20998465211253495,1.6196424272185943,-0.006305433110325331
0.3450755301556454,-0.28885858220326843,0.634521385458571,-0.20998465211253495,1.6196424272185943,-0.006305433110325331
0.3595351303654235,-0.2848685995249369,0.6492318734794144,-0.20692120040767067,1.6196424272185943,-0.006305433110325331
0.37401996752112304,-0.2809712295690736,0.6639341143307766,-0.20383636404361485,1.6196424272185943,-0.006305433110325331
0.37401996752112304,-0.2809712295690736,0.6639341143307766,-0.20383636404361485,1.6196424272185943,-0.006305433110325331
0.3885048046768226,-0.2770738596132103,0.6786340762146905,-0.20075213402405656,1.6196424272185943,-0.006305433110325331
0.3885048046768226,-0.2770738596132103,0.6786340762146905,-0.20075213402405656,1.6196424272185943,-0.006305433110325331
0.40301126825371597,-0.2732577733337526,0.6933277724769218,-0.1976513756175719,1.6196424272185943,-0.006305433110325331
0.40301126825371597,-0.2732577733337526,0.6933277724769218,-0.1976513756175719,1.6196424272185943,-0.006305433110325331
0.41751773183060936,-0.26944168705429494,0.708019705066247,-0.1945510765199906,1.6196424272185943,-0.006305433110325331
0.41751773183060936,-0.26944168705429494,0.708019705066247,-0.1945510765199906,1.6196424272185943,-0.006305433110325331
0.4320428304923912,-0.26569715652757975,0.7227069144556593,-0.1914382156935341,1.6196424272185943,-0.006305433110325331
0.4320428304923912,-0.26569715652757975,0.7227069144556593,-0.1914382156935341,1.6196424272185943,-0.006305433110325331
0.4465679291541731,-0.26195262600086455,0.7373927503394,-0.18832570577068763,1.6196424272185943,-0.006305433110325331
0.4465679291541731,-0.26195262600086455,0.7373927503394,-0.18832570577068763,1.6196424272185943,-0.006305433110325331
0.46110917021343445,-0.25827127998935573,0.7520750681218118,-0.18520387101400143,1.6196424272185943,-0.006305433110325331
0.46110917021343445,-0.25827127998935573,0.7520750681218118,-0.18520387101400143,1.6196424272185943,-0.006305433110325331
0.46110917021343445,-0.25827127998935573,0.7520750681218118,-0.18520387101400143,1.6196424272185943,-0.006305433110325331
0.4756504112726958,-0.2545899339778469,0.7667563094743131,-0.18208230657058938,1.6196424272185943,-0.006305433110325331
0.49020570618277665,-0.250964552607484,0.7814349773887154,-0.1789540561999617,1.6196424272185943,-0.006305433110325331
0.49020570618277665,-0.250964552607484,0.7814349773887154,-0.1789540561999617,1.6196424272185943,-0.006305433110325331
0.49020570618277665,-0.250964552607484,0.7814349773887154,-0.1789540561999617,1.6196424272185943,-0.006305433110325331
0.5047610010928575,-0.24733917123712112,0.7961127963370156,-0.17582601574803547,1.6196424272185943,-0.006305433110325331
0.5047610010928575,-0.24733917123712112,0.7961127963370156,-0.17582601574803547,1.6196424272185943,-0.006305433110325331
0.5193285908550654,-0.24376351346266684,0.8107887844673041,-0.17269343861033276,1.6196424272185943,-0.006305433110325331
0.5193285908550654,-0.24376351346266684,0.8107887844673041,-0.17269343861033276,1.6196424272185943,-0.006305433110325331
0.5193285908550654,-0.24376351346266684,0.8107887844673041,-0.17269343861033276,1.6196424272185943,-0.006305433110325331
0.5338961806172734,-0.24018785568821255,0.8254640987718821,-0.1695610257792651,1.6196424272185943,-0.006305433110325331
0.5338961806172734,-0.24018785568821255,0.8254640987718821,-0.1695610257792651,1.6196424272185943,-0.006305433110325331
0.5481314708162394,-0.2367396250805716,0.839795061716463,-0.166508935612313,1.6196424272185943,-0.006305433110325331
0.5481314708162394,-0.2367396250805716,0.839795061716463,-0.166508935612313,1.6196424272185943,-0.006305433110325331
0.5623667610152053,-0.23329139447293062,0.8541254864428026,-0.16345697504480128,1.6196424272185943,-0.006305433110325331
0.5623667610152053,-0.23329139447293062,0.8541254864428026,-0.16345697504480128,1.6196424272185943,-0.006305433110325331
0.5759293274777522,-0.23004510268344167,0.8677728569677892,-0.16056593821812976,1.6196424272185943,-0.006305433110325331
0.5759293274777522,-0.23004510268344167,0.8677728569677892,-0.16056593821812976,1.6196424272185943,-0.006305433110325331
0.5759293274777522,-0.23004510268344167,0.8677728569677892,-0.16056593821812976,1.6196424272185943,-0.006305433110325331
0.5894918939402989,-0.2267988108939527,0.8814197949228877,-0.15767500437333504,1.6196424272185943,-0.006305433110325331
0.5894918939402989,-0.2267988108939527,0.8814197949228877,-0.15767500437333504,1.6196424272185943,-0.006305433110325331
0.602412313352255,-0.2237394644985201,0.8944156859179434,-0.15493517386004504,1.6196424272185943,-0.006305433110325331
0.602412313352255,-0.2237394644985201,0.8944156859179434,-0.15493517386004504,1.6196424272185943,-0.006305433110325331
0.602412313352255,-0.2237394644985201,0.8944156859179434,-0.15493517386004504,1.6196424272185943,-0.006305433110325331
0.6153327327642111,-0.22068011810308752,0.9074112272021071,-0.1521954257485768,1.6196424272185943,-0.006305433110325331
0.6276404257665781,-0.21779428917383684,0.91978633800385,-0.14959776460658186,1.6196424272185943,-0.006305433110325331
0.6276404257665781,-0.21779428917383684,0.91978633800385,-0.14959776460658186,1.6196424272185943,-0.006305433110325331
0.6276404257665781,-0.21779428917383684,0.91978633800385,-0.14959776460658186,1.6196424272185943,-0.006305433110325331
0.6399481187689451,-0.21490846024458615,0.9321611644962244,-0.1470001698318028,1.6196424272185943,-0.006305433110325331
0.6516713424713776,-0.21218406415276414,0.9439448227517784,-0.14453635373487791,1.6196424272185943,-0.006305433110325331
0.6516713424713776,-0.21218406415276414,0.9439448227517784,-0.14453635373487791,1.6196424272185943,-0.006305433110325331
0.6516713424713776,-0.21218406415276414,0.9439448227517784,-0.14453635373487791,1.6196424272185943,-0.006305433110325331
0.6633945661738101,-0.20945966806094213,0.9557282486360521,-0.14207259142109152,1.6196424272185943,-0.006305433110325331
0.674560421006996,-0.20688577952009451,0.9669484559592265,-0.13973492683173938,1.6196424272185943,-0.006305433110325331
0.674560421006996,-0.20688577952009451,0.9669484559592265,-0.13973492683173938,1.6196424272185943,-0.006305433110325331
0.6857262758401819,-0.2043118909792469,0.9781684723986644,-0.13739730608140993,1.6196424272185943,-0.006305433110325331
0.6857262758401819,-0.2043118909792469,0.9781684723986644,-0.13739730608140993,1.6196424272185943,-0.006305433110325331
0.6963607226906393,-0.20187859098016772,0.9888519522307908,-0.13517866112945234,1.6196424272185943,-0.006305433110325331
0.6963607226906393,-0.20187859098016772,0.9888519522307908,-0.13517866112945234,1.6196424272185943,-0.006305433110325331
0.7069951695410968,-0.19944529098108854,0.9995352745043184,-0.13296005210728146,1.6196424272185943,-0.006305433110325331
0.7171230541780399,-0.1971435387838704,1.0097075210337216,-0.13085379783720102,1.6196424272185943,-0.006305433110325331
0.7171230541780399,-0.1971435387838704,1.0097075210337216,-0.13085379783720102,1.6196424272185943,-0.006305433110325331
0.7171230541780399,-0.1971435387838704,1.0097075210337216,-0.13085379783720102,1.6196424272185943,-0.006305433110325331
0.727250938814983,-0.19484178658665224,1.0198796369163026,-0.12874757316727017,1.6196424272185943,-0.006305433110325331
0.7368960213940113,-0.19266331212204202,1.0295649642299474,-0.1267475332880208,1.6196424272185943,-0.006305433110325331
0.7368960213940113,-0.19266331212204202,1.0295649642299474,-0.1267475332880208,1.6196424272185943,-0.006305433110325331
0.7368960213940113,-0.19266331212204202,1.0295649642299474,-0.1267475332880208,1.6196424272185943,-0.006305433110325331
0.7465411039730396,-0.1904848376574318,1.0392501827405312,-0.12474751791372385,1.6196424272185943,-0.006305433110325331
0.7557260919691263,-0.18842205062232079,1.0484717736139486,-0.1228479255552764,1.6196424272185943,-0.006305433110325331
0.7557260919691263,-0.18842205062232079,1.0484717736139486,-0.1228479255552764,1.6196424272185943,-0.006305433110325331
0.764911079965213,-0.18635926358720978,1.05769327350112,-0.12094835357746604,1.6196424272185943,-0.006305433110325331
0.764911079965213,-0.18635926358720978,1.05769327350112,-0.12094835357746604,1.6196424272185943,-0.006305433110325331
0.7736576633062318,-0.18440517625388314,1.0664732274029725,-0.11914381385079281,1.6196424272185943,-0.006305433110325331
0.7736576633062318,-0.18440517625388314,1.0664732274029725,-0.11914381385079281,1.6196424272185943,-0.006305433110325331
0.7824042466472505,-0.1824510889205565,1.0752531049187417,-0.11733929114869238,1.6196424272185943,-0.006305433110325331
0.7907331341301989,-0.18059925025997486,1.0836124849316795,-0.11562474853735114,1.6196424272185943,-0.006305433110325331
0.7907331341301989,-0.18059925025997486,1.0836124849316795,-0.11562474853735114,1.6196424272185943,-0.006305433110325331
0.7907331341301989,-0.18059925025997486,1.0836124849316795,-0.11562474853735114,1.6196424272185943,-0.006305433110325331
0.7990620216131472,-0.17874741159939322,1.0919718005762462,-0.11391022020596116,1.6196424272185943,-0.006305433110325331
0.8071928119637343,-0.17694761641328816,1.1001317215259574,-0.11224216637624963,1.6196424272185943,-0.006305433110325331
0.8071928119637343,-0.17694761641328816,1.1001317215259574,-0.11224216637624963,1.6196424272185943,-0.006305433110325331
0.8071928119637343,-0.17694761641328816,1.1001317215259574,-0.11224216637624963,1.6196424272185943,-0.006305433110325331
0.8153236023143213,-0.1751478212271831,1.1082915832226654,-0.11057412563456469,1.6196424272185943,-0.006305433110325331
0.8153236023143213,-0.1751478212271831,1.1082915832226654,-0.11057412563456469,1.6196424272185943,-0.006305433110325331
0.8153236023143213,-0.1751478212271831,1.1082915832226654,-0.11057412563456469,1.6196424272185943,-0.006305433110325331
0.8153236023143213,-0.1751478212271831,1.1082915832226654,-0.11057412563456469,1.6196424272185943,-0.006305433110325331
0.8153236023143213,-0.1751478212271831,1.1082915832226654,-0.11057412563456469,1.6196424272185943,-0.006305433110325331
0.8153236023143213,-0.1751478212271831,1.1082915832226654,-0.11057412563456469,1.6196424272185943,-0.006305433110325331
0.8153236023143213,-0.1751478212271831,1.1082915832226654,-0.11057412563456469,1.6196424272185943,-0.006305433110325331
0.8153236023143213,-0.1751478212271831,1.1082915832226654,-0.11057412563456469,1.6196424272185943,-0.006305433110325331
0.8153236023143213,-0.1751478212271831,1.1082915832226654,-0.11057412563456469,1.6196424272185943,-0.006305433110325331
0.8153236023143213,-0.1751478212271831,1.1082915832226654,-0.11057412563456469,1.6196424272185943,-0.006305433110325331
0.8153236023143213,-0.1751478212271831,1.1082915832226654,-0.11057412563456469,1.6196424272185943,-0.006305433110325331
0.8153236023143213,-0.1751478212271831,1.1082915832226654,-0.11057412563456469,1.6196424272185943,-0.006305433110325331
0.8153236023143213,-0.1751478212271831,1.1082915832226654,-0.11057412563456469,1.6196424272185943,-0.006305433110325331
0.8153236023143213,-0.1751478212271831,1.1082915832226654,-0.11057412563456469,1.6196424272185943,-0.006305433110325331
0.8153236023143213,-0.1751478212271831,1.1082915832226654,-0.11057412563456469,1.6196424272185943,-0.006305433110325331
0.8153236023143213,-0.1751478212271831,1.1082915832226654,-0.11057412563456469,1.6196424272185943,-0.006305433110325331
0.8153236023143213,-0.1751478212271831,1.1082915832226654,-0.11057412563456469,1.6196424272185943,-0.006305433110325331
0.8153236023143213,-0.1751478212271831,1.1082915832226654,-0.11057412563456469,1.6196424272185943,-0.006305433110325331
0.8153236023143213,-0.1751478212271831,1.1082915832226654,-0.11057412563456469,1.6196424272185943,-0.006305433110325331
0.8153236023143213,-0.1751478212271831,1.1082915832226654,-0.11057412563456469,1.6196424272185943,-0.006305433110325331
0.8153236023143213,-0.1751478212271831,1.1082915832226654,-0.11057412563456469,1.6196424272185943,-0.006305433110325331
0.8153236023143213,-0.1751478212271831,1.1082915832226654,-0.11057412563456469,1.6196424272185943,-0.006305433110325331
0.8153236023143213,-0.1751478212271831,1.1082915832226654,-0.11057412563456469,1.6196424272185943,-0.006305433110325331
0.8153236023143213,-0.1751478212271831,1.1082915832226654,-0.11057412563456469,1.6196424272185943,-0.006305433110325331
0.8153236023143213,-0.1751478212271831,1.1082915832226654,-0.11057412563456469,1.6196424272185943,-0.006305433110325331
0.8153236023143213,-0.1751478212271831,1.1082915832226654,-0.11057412563456469,1.6196424272185943,-0.006305433110325331
0.8153236023143213,-0.1751478212271831,1.1082915832226654,-0.11057412563456469,1.6196424272185943,-0.006305433110325331
0.8153236023143213,-0.1751478212271831,1.1082915832226654,-0.11057412563456469,1.6196424272185943,-0.006305433110325331
0.8153236023143213,-0.1751478212271831,1.1082915832226654,-0.11057412563456469,1.6196424272185943,-0.006305433110325331
0.8153236023143213,-0.1751478212271831,1.1082915832226654,-0.11057412563456469,1.6196424272185943,-0.006305433110325331
0.8153236023143213,-0.1751478212271831,1.1082915832226654,-0.11057412563456469,1.6196424272185943,-0.006305433110325331
0.8153236023143213,-0.1751478212271831,1.1082915832226654,-0.11057412563456469,1.6196424272185943,-0.006305433110325331
0.8153236023143213,-0.1751478212271831,1.1082915832226654,-0.11057412563456469,1.6196424272185943,-0.006305433110325331
0.8153236023143213,-0.1751478212271831,1.1082915832226654,-0.11057412563456469,1.6196424272185943,-0.006305433110325331
0.8153236023143213,-0.1751478212271831,1.1082915832226654,-0.11057412563456469,1.6196424272185943,-0.006305433110325331
0.8153236023143213,-0.1751478212271831,1.1082915832226654,-0.11057412563456469,1.6196424272185943,-0.006305433110325331
0.8153236023143213,-0.1751478212271831,1.1082915832226654,-0.11057412563456469,1.6196424272185943,-0.006305433110325331
0.8153236023143213,-0.1751478212271831,1.1082915832226654,-0.11057412563456469,1.6196424272185943,-0.006305433110325331
0.8153236023143213,-0.1751478212271831,1.1082915832226654,-0.11057412563456469,1.6196424272185943,-0.006305433110325331
0.8153236023143213,-0.1751478212271831,1.1082915832226654,-0.11057412563456469,1.6196424272185943,-0.006305433110325331
0.8153236023143213,-0.1751478212271831,1.1082915832226654,-0.11057412563456469,1.6196424272185943,-0.006305433110325331
0.8153236023143213,-0.1751478212271831,1.1082915832226654,-0.11057412563456469,1.6196424272185943,-0.006305433110325331
0.8153236023143213,-0.1751478212271831,1.1082915832226654,-0.11057412563456469,1.6196424272185943,-0.006305433110325331
0.8153236023143213,-0.1751478212271831,1.1082915832226654,-0.11057412563456469,1.6196424272185943,-0.006305433110325331
0.8153236023143213,-0.1751478212271831,1.1082915832226654,-0.11057412563456469,1.6196424272185943,-0.006305433110325331
0.8153236023143213,-0.1751478212271831,1.1082915832226654,-0.11057412563456469,1.6196424272185943,-0.006305433110325331
0.8153236023143213,-0.1751478212271831,1.1082915832226654,-0.11057412563456469,1.6196424272185943,-0.006305433110325331
0.8153236023143213,-0.1751478212271831,1.1082915832226654,-0.11057412563456469,1.6196424272185943,-0.006305433110325331
0.8153236023143213,-0.1751478212271831,1.1082915832226654,-0.11057412563456469,1.6196424272185943,-0.006305433110325331
0.8153236023143213,-0.1751478212271831,1.1082915832226654,-0.11057412563456469,1.6196424272185943,-0.006305433110325331
0.8153236023143213,-0.1751478212271831,1.1082915832226654,-0.11057412563456469,1.6322717207903021,-0.006305433110325331
0.8153236023143213,-0.1751478212271831,1.1082915832226654,-0.11057412563456469,1.6322717207903021,-0.006305433110325331
0.8153236023143213,-0.1751478212271831,1.1082915832226654,-0.11057412563456469,1.649110778885915,-0.006305433110325331
0.8153236023143213,-0.1751478212271831,1.1082915832226654,-0.11057412563456469,1.649110778885915,-0.006305433110325331
0.8153236023143213,-0.1751478212271831,1.1082915832226654,-0.11057412563456469,1.649110778885915,-0.006305433110325331
0.8153236023143213,-0.1751478212271831,1.1082915832226654,-0.11057412563456469,1.649110778885915,-0.006305433110325331
0.8153236023143213,-0.1751478212271831,1.1082915832226654,-0.11057412563456469,1.686998659601042,-0.01051519763422809
0.8153236023143213,-0.1751478212271831,1.1082915832226654,-0.11057412563456469,1.686998659601042,-0.01051519763422809
0.8153236023143213,-0.1751478212271831,1.1082915832226654,-0.11057412563456469,1.686998659601042,-0.01051519763422809
0.8153236023143213,-0.1751478212271831,1.1082915832226654,-0.11057412563456469,1.7122572467444612,-0.01051519763422809
0.8153236023143213,-0.1751478212271831,1.1082915832226654,-0.11057412563456469,1.7122572467444612,-0.01051519763422809
0.8153236023143213,-0.1751478212271831,1.1082915832226654,-0.11057412563456469,1.7122572467444612,-0.01051519763422809
0.8153236023143213,-0.1751478212271831,1.1082915832226654,-0.11057412563456469,1.7417255984117819,-0.01051519763422809
0.8153236023143213,-0.1751478212271831,1.1082915832226654,-0.11057412563456469,1.7417255984117819,-0.01051519763422809
0.8153236023143213,-0.1751478212271831,1.1082915832226654,-0.11057412563456469,1.7417255984117819,-0.01051519763422809
0.8153236023143213,-0.1751478212271831,1.1082915832226654,-0.11057412563456469,1.7543548919834915,-0.01051519763422809
0.8153236023143213,-0.1751478212271831,1.1082915832226654,-0.11057412563456469,1.7543548919834915,-0.01051519763422809
0.8153236023143213,-0.1751478212271831,1.1082915832226654,-0.11057412563456469,1.7543548919834915,-0.01051519763422809
0.8153236023143213,-0.1751478212271831,1.1082915832226654,-0.11057412563456469,1.7543548919834915,-0.01051519763422809
0.8153236023143213,-0.1751478212271831,1.1082915832226654,-0.11057412563456469,1.7543548919834915,-0.01051519763422809
0.8153236023143213,-0.1751478212271831,1.1082915832226654,-0.11057412563456469,1.7543548919834915,-0.01051519763422809
0.8153236023143213,-0.1751478212271831,1.1082915832226654,-0.11057412563456469,1.7543548919834915,-0.01051519763422809
0.8153236023143213,-0.1751478212271831,1.1082915832226654,-0.11057412563456469,1.7543548919834915,-0.01051519763422809
0.8153236023143213,-0.1751478212271831,1.1082915832226654,-0.11057412563456469,1.7543548919834915,-0.01051519763422809
0.8153236023143213,-0.1751478212271831,1.1082915832226654,-0.11057412563456469,1.7543548919834915,-0.01051519763422809
0.8153236023143213,-0.1751478212271831,1.1082915832226654,-0.11057412563456469,1.7543548919834915,-0.01051519763422809
0.8153236023143213,-0.1751478212271831,1.1082915832226654,-0.11057412563456469,1.7543548919834915,-0.01051519763422809
0.8153236023143213,-0.1751478212271831,1.1082915832226654,-0.11057412563456469,1.7543548919834915,-0.01051519763422809
0.8153236023143213,-0.1751478212271831,1.1082915832226654,-0.11057412563456469,1.7543548919834915,-0.01051519763422809
0.8153236023143213,-0.1751478212271831,1.1082915832226654,-0.11057412563456469,1.7543548919834915,-0.01051519763422809
0.8153236023143213,-0.1751478212271831,1.1082915832226654,-0.11057412563456469,1.7543548919834915,-0.01051519763422809
0.8153236023143213,-0.1751478212271831,1.1082915832226654,-0.11057412563456469,1.7543548919834915,-0.01051519763422809
0.8153236023143213,-0.1751478212271831,1.1082915832226654,-0.11057412563456469,1.7543548919834915,-0.01051519763422809
0.8153236023143213,-0.1751478212271831,1.1082915832226654,-0.11057412563456469,1.7543548919834915,-0.01051519763422809
0.8153236023143213,-0.1751478212271831,1.1082915832226654,-0.11057412563456469,1.7543548919834915,-0.01051519763422809
0.8153236023143213,-0.1751478212271831,1.1082915832226654,-0.11057412563456469,1.7543548919834915,-0.01051519763422809
0.8153236023143213,-0.1751478212271831,1.1082915832226654,-0.11057412563456469,1.7543548919834915,-0.01051519763422809
0.8153236023143213,-0.1751478212271831,1.1082915832226654,-0.11057412563456469,1.7543548919834915,-0.01051519763422809
0.8153236023143213,-0.1751478212271831,1.1082915832226654,-0.11057412563456469,1.7543548919834915,-0.01051519763422809
0.8153236023143213,-0.1751478212271831,1.1082915832226654,-0.11057412563456469,1.7543548919834915,-0.01051519763422809
0.8153236023143213,-0.1751478212271831,1.1082915832226654,-0.11057412563456469,1.7543548919834915,-0.01051519763422809
0.8153236023143213,-0.1751478212271831,1.1082915832226654,-0.11057412563456469,1.7543548919834915,-0.01051519763422809
0.8153236023143213,-0.1751478212271831,1.1082915832226654,-0.11057412563456469,1.7543548919834915,-0.01051519763422809
0.8153236023143213,-0.1751478212271831,1.1082915832226654,-0.11057412563456469,1.7543548919834915,-0.01051519763422809
0.8153236023143213,-0.1751478212271831,1.1082915832226654,-0.11057412563456469,1.7543548919834915,-0.01051519763422809
0.8153236023143213,-0.1751478212271831,1.1082915832226654,-0.11057412563456469,1.7543548919834915,-0.01051519763422809
0.8153236023143213,-0.1751478212271831,1.1082915832226654,-0.11057412563456469,1.7543548919834915,-0.01051519763422809
0.8153236023143213,-0.1751478212271831,1.1082915832226654,-0.11057412563456469,1.7543548919834915,-0.01051519763422809
0.8153236023143213,-0.1751478212271831,1.1082915832226654,-0.11057412563456469,1.7543548919834915,-0.01051519763422809
0.8153236023143213,-0.1751478212271831,1.1082915832226654,-0.11057412563456469,1.7543548919834915,-0.01051519763422809
0.8153236023143213,-0.1751478212271831,1.1082915832226654,-0.11057412563456469,1.7543548919834915,-0.01051519763422809
0.8153236023143213,-0.1751478212271831,1.1082915832226654,-0.11057412563456469,1.7543548919834915,-0.01051519763422809
0.8153236023143213,-0.1751478212271831,1.1082915832226654,-0.11057412563456469,1.7543548919834915,-0.01051519763422809
0.8153236023143213,-0.1751478212271831,1.1082915832226654,-0.11057412563456469,1.7543548919834915,-0.01051519763422809
0.8153236023143213,-0.1751478212271831,1.1082915832226654,-0.11057412563456469,1.7543548919834915,-0.01051519763422809
0.8153236023143213,-0.1751478212271831,1.1082915832226654,-0.11057412563456469,1.7543548919834915,-0.01051519763422809
0.8153236023143213,-0.1751478212271831,1.1082915832226654,-0.11057412563456469,1.7543548919834915,-0.01051519763422809
0.8153236023143213,-0.1751478212271831,1.1082915832226654,-0.11057412563456469,1.7543548919834915,-0.01051519763422809
0.8153236023143213,-0.1751478212271831,1.1082915832226654,-0.11057412563456469,1.7543548919834915,-0.01051519763422809
0.8153236023143213,-0.1751478212271831,1.1082915832226654,-0.11057412563456469,1.7543548919834915,-0.01051519763422809
0.8153236023143213,-0.1751478212271831,1.1082915832226654,-0.11057412563456469,1.7543548919834915,-0.01051519763422809
0.8153236023143213,-0.1751478212271831,1.1082915832226654,-0.11057412563456469,1.7543548919834915,-0.01051519763422809
0.8153236023143213,-0.1751478212271831,1.1082915832226654,-0.11057412563456469,1.7543548919834915,-0.01051519763422809
0.8153236023143213,-0.1751478212271831,1.1082915832226654,-0.11057412563456469,1.7543548919834915,-0.01051519763422809
0.8153236023143213,-0.1751478212271831,1.1082915832226654,-0.11057412563456469,1.7543548919834915,-0.01051519763422809
0.8153236023143213,-0.1751478212271831,1.1082915832226654,-0.11057412563456469,1.7543548919834915,-0.01051519763422809
0.8153236023143213,-0.1751478212271831,1.1082915832226654,-0.11057412563456469,1.7543548919834915,-0.01051519763422809
0.8153236023143213,-0.1751478212271831,1.1082915832226654,-0.11057412563456469,1.7543548919834915,-0.01051519763422809
0.8153236023143213,-0.1751478212271831,1.1082915832226654,-0.11057412563456469,1.7543548919834915,-0.01051519763422809
